enrollee_id,target
23603,0.6478742498700892
22499,0.11524602595404325
10465,0.3314782862222083
8293,0.08052043536386636
4246,0.1748712869258326
29306,0.12006732948494273
23118,0.11320237187155234
32832,0.0944914118008648
13380,0.06447165092855077
16102,0.6338542648841553
21761,0.3335069064636882
26112,0.16998804734675582
24468,0.3314782862222083
27200,0.11209344955963937
14341,0.18781103923225606
31993,0.3419383300930029
6811,0.648101570193694
8854,0.22725156064746996
9709,0.06744891128341055
24656,0.25512926118922197
8464,0.6123737133125777
14522,0.6007420260635589
22739,0.0362601817744678
15368,0.23398218612372843
31516,0.22725156064746996
23444,0.4149893995487016
19454,0.6235192503307008
7319,0.6687302828831868
32762,0.4756189391013623
28893,0.06499362366110177
2334,0.2355871135859178
27287,0.1487680472996437
6470,0.11025667026477147
5607,0.6041842124451516
1652,0.5453293945999954
32671,0.6406785391469498
26165,0.21848328414683252
26033,0.07016170807045985
21060,0.4426804045442381
1735,0.24894538547522474
12103,0.18571089799233598
1204,0.16998804734675582
2406,0.07363092138589257
22521,0.039251215750009935
32178,0.10842063325228478
15624,0.3502372321353034
5883,0.05477696577841497
23845,0.18465823999572462
3724,0.1733489233187545
13252,0.2775015116219249
22987,0.17860640964706703
10755,0.5285563078344252
23310,0.5361135754288539
4780,0.07502858596658946
10577,0.3616249728918994
7756,0.5845343999890606
17407,0.24236771795904385
3940,0.17498013233993048
4775,0.07995913885711389
29135,0.18458229293764988
23987,0.4969795819544616
28624,0.09193555975352895
24436,0.5023963383469031
14634,0.5906029628109255
20127,0.3419383300930029
21207,0.23419807175344148
20879,0.06643927664900043
2879,0.5529452398988829
20912,0.5973351758487737
19212,0.27541666612031773
30182,0.18679634563601327
11573,0.07446004806916792
12721,0.11229045790592793
17161,0.07242496564495064
8857,0.0929059659469288
7546,0.3107754885537346
18702,0.03977218514449866
11526,0.09987391111883241
24097,0.08036273688146349
2477,0.5951290268324454
14472,0.6995036549678096
312,0.18781103923225606
12342,0.2629802282043795
17790,0.6588741549663895
766,0.1237119554537398
12396,0.6229375561462043
6825,0.054186675594766164
20581,0.6484373578098396
30072,0.07131365190172054
23143,0.1994970423510248
9627,0.6929484570614478
18582,0.11000695086278156
1676,0.11249793095716046
9357,0.05647972612218444
27993,0.22648049476468318
8158,0.1455371504475989
21086,0.15289773666798684
10333,0.5286237741858022
18504,0.596411671515079
27533,0.15706207128932104
4123,0.5165767220109295
5437,0.24966575388825718
10448,0.596411671515079
17868,0.10798477149512406
17398,0.24164383251822277
25573,0.24361497326136639
21458,0.49475491318012205
20974,0.34674910021308
5912,0.47334230196499966
709,0.3821197931718944
3089,0.596411671515079
16437,0.14764930483598285
15321,0.15471786896689332
15795,0.06853514249052416
18478,0.3941817104436921
528,0.17860640964706703
11315,0.25578143328038555
22769,0.5822170512661509
26708,0.07174634873574615
4402,0.1748712869258326
23152,0.38692937791059895
10359,0.09639260677528104
9179,0.4400061629727072
26693,0.23483282391247748
14196,0.11095994792050598
16769,0.08072837060285021
5447,0.4935930104854381
6288,0.15161374172386888
28582,0.11745933092556633
21600,0.6443180264778481
15597,0.13876255293385537
15868,0.39425309347984266
3981,0.1347908454152433
4881,0.10256744751067763
32433,0.08676882169422184
15798,0.4935930104854381
31076,0.11913240375249128
19845,0.08090456251814136
28628,0.15960226358417537
9610,0.11407204393624128
25124,0.1152550568150309
25278,0.207391411140575
12670,0.7336148493598602
28725,0.07899219779051889
18514,0.5580547514430515
2698,0.27717636223263575
3783,0.12766750406320626
33075,0.06542786725157793
18468,0.509669516114
20936,0.17096312551128318
2341,0.15273252403883808
22281,0.15706207128932104
31200,0.3166980776613025
15424,0.6860502666143988
31788,0.16730407641137712
10695,0.5720108577013072
5452,0.07302869676239439
32326,0.08127464445330898
277,0.30034311953044207
29616,0.08357715477124354
19536,0.6115687773039712
14326,0.16282132467796076
18191,0.46246100046728245
17629,0.08886148156788247
7988,0.11329261925561454
27623,0.5292284845068584
20845,0.3792807227598094
19308,0.062410790529142966
12644,0.5362930482336559
6708,0.5665346458566012
1625,0.17096312551128318
27738,0.18458229293764988
10942,0.3452239173683774
15481,0.22725156064746996
10085,0.1770926465852147
18835,0.18458229293764988
15804,0.3436248873558961
24330,0.6159569722834434
11812,0.05899544045456914
12863,0.21087035606224924
3172,0.057761006189276584
18080,0.04616326350281901
27986,0.07359926006307936
31022,0.5469247561661462
32728,0.18458229293764988
13376,0.5601702425414757
3248,0.08708164891655754
28858,0.18465823999572462
14590,0.6248502893693192
16405,0.6338542648841553
7919,0.06314289770649191
29661,0.2972770652383765
28749,0.16324745229863308
18329,0.4935930104854381
9212,0.5680035038049125
28006,0.18465823999572462
30804,0.07309413206897766
15664,0.06021888416089617
9391,0.08906102463520679
25836,0.17096312551128318
14476,0.6007420260635589
1602,0.5604951614270833
7604,0.16324745229863308
28697,0.25110101336468726
8908,0.4606700479414361
24469,0.5888419111957138
32290,0.34629291800152306
27040,0.0851879065113128
16080,0.4935930104854381
25525,0.18547676661777066
5385,0.15668262135328456
12439,0.05612220577836204
4922,0.11303534589277256
12408,0.6525532160775386
2069,0.05672603092442222
306,0.3412882993946976
26113,0.17547849819885106
8866,0.12477885774441522
24338,0.6109324304637607
26881,0.08176708262019379
4165,0.24409198127959844
18995,0.17274913951734566
18459,0.16167610815462113
10870,0.6214911053069292
281,0.15161374172386888
4313,0.493233181944606
2310,0.11924928769376285
31155,0.6060372035537824
23895,0.41447871728439795
7572,0.34259598272433844
11022,0.06599912101791756
21964,0.169128004131514
2479,0.1262443164671954
8933,0.31867930156339397
138,0.06669504686591003
5846,0.05477696577841497
12469,0.08505475954786086
2967,0.26292181284004656
3464,0.16282132467796076
16177,0.1929587847329766
11991,0.10712328812428659
19207,0.18458229293764988
21543,0.16521551937227
5414,0.11945682123743266
29017,0.09065248037398074
24758,0.1150386600663283
18181,0.2775015116219249
18335,0.5644148709597658
18223,0.15471786896689332
18603,0.19375946827708626
10764,0.09443840840647105
9226,0.6041842124451516
13923,0.08470255115060882
7493,0.16324745229863308
6800,0.3260044585460178
30234,0.32557184624783997
31607,0.15161374172386888
29896,0.24694849514804504
19912,0.1557723850285628
11587,0.5891602968262817
32852,0.12083173584534791
7177,0.09987391111883241
28051,0.6229375561462043
25877,0.18832047751738823
11362,0.14000944238115404
27324,0.17860640964706703
6042,0.16324745229863308
4751,0.12985855047887945
11941,0.1994970423510248
30832,0.646231543939421
18204,0.26614915808437284
13433,0.07795298724233111
33144,0.23483282391247748
8247,0.1792884506351559
23877,0.19011988511804762
2590,0.0721221044017096
14824,0.12964064701662165
29867,0.2390529448763174
4533,0.555233035169655
5775,0.6041842124451516
16726,0.17077107496672264
15415,0.06997292092220227
10323,0.18458229293764988
9565,0.21888701458250617
10501,0.7614731558493079
8261,0.6757668397806298
19119,0.1733489233187545
32195,0.2577679641567735
7219,0.44897993962612276
12099,0.4904218602103307
5987,0.15161374172386888
23035,0.5568888476179403
31842,0.2409162136593992
17819,0.5828314408774782
2800,0.07975414762666441
13520,0.1513207311538442
22951,0.15706207128932104
20915,0.5349957778210943
13458,0.08357715477124354
13547,0.09436447182172887
11552,0.07359926006307936
15596,0.26539277415450657
20950,0.06514352421988943
29308,0.24671738061040796
20016,0.2475614928659778
9446,0.11992410177954294
7247,0.07581975914207593
11328,0.6959241681268322
26313,0.1717773716326143
9751,0.07541277570024582
10415,0.07827286596009912
9576,0.5855386521241934
32699,0.14965591066178077
8624,0.1302676027962343
17585,0.09085611368554566
29646,0.5769374927187444
24547,0.1602156523081135
16147,0.14670965653161838
1192,0.15312984468938268
23086,0.10835141572624271
664,0.0744653358947863
15026,0.39144857509920955
9311,0.0851879065113128
30556,0.5894682322723
17965,0.4752095690004638
23197,0.16039555991923898
16397,0.14101716291715188
25796,0.6528789711635393
27599,0.6248502893693192
5963,0.057317324505649137
28747,0.08014532694093533
18347,0.59395158526341
4127,0.15561761421234283
32476,0.04403451071179664
18680,0.08422734226052488
29747,0.17860640964706703
872,0.16730407641137712
9427,0.08274342041699968
17182,0.18458229293764988
17326,0.6007791329746489
12200,0.12964064701662165
21781,0.31567401919480215
4577,0.596411671515079
32769,0.2226074780682858
2154,0.10032371498698617
491,0.22603205002031662
32442,0.15706207128932104
27997,0.1697164422017784
29160,0.3306059680717387
28026,0.6248502893693192
14721,0.14943730780225942
33190,0.0886477934931243
2524,0.5279008224624376
30172,0.0570589738263484
11578,0.6194787425824442
17801,0.5537428963676515
33274,0.207391411140575
28141,0.30036832302035693
5418,0.32118535323501346
15504,0.060572242946061484
13683,0.0652419388925889
32402,0.06825355826584985
31168,0.08954686654113134
17946,0.1500184075513005
5686,0.12291287174837613
7342,0.19375946827708626
2948,0.07681644330784271
33250,0.18458229293764988
11771,0.5647288038334962
32138,0.3419383300930029
30894,0.3925828109983954
10768,0.06853514249052416
26012,0.5125179015068119
1586,0.07570213673527498
28314,0.06890092904690584
6283,0.1458280845136038
16969,0.29089049940925843
16837,0.24828625761878978
15354,0.5714677738861988
14825,0.18811587663742654
16220,0.1553181107904696
3494,0.07767127443775612
23222,0.30358483898268573
6075,0.21888701458250617
1766,0.1876316825963149
28925,0.1733489233187545
8452,0.22648049476468318
13756,0.2226074780682858
31085,0.08465454448184787
1297,0.16324745229863308
4254,0.09620129364519453
14597,0.17018167665635314
10504,0.06609225571565341
26363,0.18458229293764988
10104,0.16988201656715926
1265,0.1834341169597091
20324,0.8308024880267018
10249,0.09854945179243634
8097,0.05460038679571569
27168,0.09149839107254926
8739,0.168262445404645
32192,0.10305420717846027
666,0.20012773863081898
24305,0.08357715477124354
10210,0.11418021320679657
31875,0.2921657764466017
27160,0.07975414762666441
9912,0.10723448454664494
16442,0.5735815571825921
17517,0.10615692627503028
10924,0.0851879065113128
15796,0.031326223909288756
20452,0.15668262135328456
893,0.06054767630240963
3684,0.08558228271884918
19484,0.05853964522752683
258,0.4935930104854381
27274,0.10595438236611492
15082,0.06323652502092184
13763,0.18337950384969842
31275,0.15161374172386888
3403,0.1016375057255405
24337,0.15869737378962415
1872,0.07676886217669393
15154,0.4538697534326735
25343,0.23279543737469632
22742,0.09668461163015166
1343,0.1733897363783978
14386,0.66882108862441
11840,0.28874039516766853
22847,0.23377924516026616
14389,0.13531007235671424
7491,0.17783451467459355
21376,0.6550508329767043
33231,0.6639345741515053
30845,0.5735815571825921
23109,0.07697919021833038
23525,0.3205735394393468
24674,0.5568888476179403
33157,0.7210939181564913
10840,0.18781103923225606
8793,0.5674245556679961
1020,0.1697164422017784
1417,0.18883237275799375
28125,0.08319623312498575
16417,0.07552488181634849
20462,0.5279008224624376
28256,0.29714555939732307
32992,0.06689255257568477
19219,0.08802887726806201
24877,0.17860640964706703
28828,0.06672574415021613
22052,0.18634222744030918
20524,0.07159484466797034
15152,0.35840521282410076
32742,0.060120068808769994
22626,0.09919536433200449
31221,0.13238023201050972
22319,0.6704185677099836
22098,0.3950763870628748
17,0.596411671515079
20529,0.5187055864247981
16534,0.16125002342604508
14864,0.17096312551128318
25368,0.2125242792540146
24262,0.6752355840180586
23955,0.18394854107063952
19497,0.040984238242761865
27359,0.45998586788058526
8336,0.34130406931165613
25048,0.6520848975398602
10190,0.25066110347055837
8883,0.13030938115596066
15313,0.09447983243164891
9589,0.17118470573003827
18466,0.04035574315050829
15875,0.2012002187224924
2127,0.12658073162373956
13754,0.070250888921011
21319,0.6229600029485273
29846,0.6950818131159758
29023,0.09436447182172887
19998,0.22725156064746996
13773,0.08776461573530354
22385,0.30034311953044207
27817,0.5268817408391222
2055,0.3311092334109484
16176,0.06507273751478812
29878,0.17114454106669327
30328,0.5599791053437916
1755,0.18263318782340393
31857,0.35834226085107956
32953,0.1350338145162627
30594,0.17096312551128318
8706,0.16147752667068851
29201,0.18458229293764988
1139,0.45649281919013646
7882,0.11608887979046123
25831,0.4020501177903911
32128,0.23274858963235776
7104,0.26521309329786275
25881,0.5165767220109295
25123,0.13016761782956612
18930,0.16730407641137712
24568,0.2350273967373767
29220,0.44033462387725214
9077,0.10888305503873162
15148,0.37231635221253084
1389,0.057254241785904776
32984,0.08908854229705486
30518,0.5468153759766208
28357,0.08013576404153104
9540,0.20565681583089487
7047,0.6066402303353431
26299,0.30148527282648074
26833,0.29278089881932295
25822,0.2965305517806116
5602,0.6034325456644077
22651,0.4976694015398052
30126,0.1649703311628176
27356,0.17821504340128563
10515,0.6914800625566886
5673,0.28652453438399794
25239,0.30500751653743036
23726,0.5904875307007451
30919,0.29768668075809146
20414,0.596411671515079
22299,0.06200233580505887
28056,0.07157586142630008
25969,0.09436447182172887
5011,0.1602156523081135
31745,0.1360093426820674
16615,0.2047072685986646
26515,0.49739603511751707
17735,0.3084956414244747
14960,0.5233298538372488
30438,0.18544413847350766
2319,0.1733489233187545
33150,0.09854945179243634
7935,0.1262443164671954
15260,0.15913286109102523
2903,0.1889253649607467
1596,0.2552376592267675
13926,0.25110101336468726
29485,0.3847869854886776
182,0.1262443164671954
10186,0.07047392996067997
27275,0.596411671515079
16304,0.6248502893693192
18838,0.09193555975352895
8245,0.11366573075676968
26826,0.1618264354140634
17813,0.05083301553947871
33031,0.10568623785508549
32118,0.1286135585348609
133,0.055819858284963275
15437,0.4969795819544616
7498,0.07541277570024582
11259,0.08346844197945778
8045,0.499260236045278
24520,0.2270328505149196
18957,0.13131926626719642
32492,0.6337255668917717
4909,0.1776001242691593
26920,0.13152692327463097
25086,0.1253609551746515
11438,0.15161374172386888
26127,0.10639268528988219
27690,0.16954914716897768
22304,0.2257535120493109
29084,0.168262445404645
23441,0.6007420260635589
24084,0.5563172061364623
19645,0.584932291752743
30214,0.13311364903492548
28750,0.13206642876391422
6516,0.12062762213696146
18026,0.06939038220576264
4792,0.2232014276845345
10165,0.15706207128932104
8157,0.3301071201313055
27539,0.18765715731877194
2438,0.2694198146992608
1688,0.6122618816831863
28444,0.06465966784845557
32901,0.34166249092249884
23573,0.06313196569056011
23697,0.13585937709032936
10305,0.49504844894558486
531,0.16324745229863308
22411,0.6157690097143083
23069,0.18465823999572462
502,0.0541442936021041
12763,0.06507273751478812
16070,0.06219196463314618
6005,0.5835014499725019
26504,0.15161374172386888
11863,0.25110101336468726
16066,0.18458229293764988
28780,0.2372352364168567
24835,0.1784713485815032
29385,0.19555038870301852
4815,0.14882583074281255
17534,0.12076185413587222
18506,0.5698186764763118
22205,0.1697164422017784
29600,0.5835495728141646
23083,0.15960226358417537
12244,0.10099202078028757
22614,0.6394898754874372
25434,0.06514352421988943
22159,0.12490831668389706
33331,0.3166980776613025
32967,0.05763988246393375
6836,0.2855138076526118
20485,0.06638118252586164
16762,0.1748712869258326
25403,0.17848353974076095
8502,0.15668262135328456
17231,0.08566144834526183
20674,0.48638180837262823
19778,0.14590936330653526
9712,0.18873467985974515
21151,0.16730407641137712
1820,0.5922844312777112
12403,0.6363096291689339
33253,0.05689854259915129
3227,0.2991992891422234
26135,0.27863988219239644
26948,0.22919677563496596
15818,0.1509111147939148
32538,0.08679554487152316
19562,0.05659264366002736
31741,0.0763572050843329
27723,0.07899219779051889
23588,0.4100548206141522
13702,0.20724144311339002
6915,0.3128810416422553
7714,0.6115687773039712
5767,0.6443388305210002
10673,0.1262443164671954
5535,0.34161447815945717
16656,0.19646523584066844
9676,0.06567986004548099
2866,0.08346844197945778
10032,0.16738929744416453
3599,0.3176589689678748
6436,0.3280583176393859
15983,0.5784431443023106
31713,0.6807561323460851
5168,0.11182530116937651
7436,0.18316755555819353
15572,0.584932291752743
13597,0.06692605930721857
4133,0.11704175108988722
27850,0.12169650449953755
14847,0.6550508329767043
29004,0.18383324058858783
16549,0.10779318000685817
24696,0.1458280845136038
28508,0.5436449101008337
32954,0.14735371208844086
26620,0.22725156064746996
3922,0.16147752667068851
3093,0.06655219349820979
26557,0.18938356208720555
17840,0.13438566598160415
32045,0.6036899299438667
8521,0.18546025843735023
12595,0.08590472777202685
7607,0.8013984597536161
3729,0.2547393414097868
9392,0.06695776108537009
16740,0.09436447182172887
22872,0.07016170807045985
3688,0.16324745229863308
8557,0.495167493558946
8128,0.6633233660443463
32554,0.5237733991379382
19089,0.15471786896689332
5269,0.10421401074460854
20530,0.5838657402594547
15919,0.21114011765018686
15114,0.07899219779051889
23676,0.25110101336468726
2202,0.207391411140575
30450,0.18865853477573824
31810,0.14088808642009923
32443,0.36747085786407124
26529,0.21976080565325004
25026,0.6090020670043002
5707,0.1119756569860076
5382,0.07725518327012207
10178,0.16324745229863308
24448,0.10079933404141037
5747,0.5714677738861988
24692,0.333682400393202
1889,0.22040453585875514
8683,0.07266950869719253
264,0.08346191822413818
28967,0.5497614491181333
315,0.1401658532211398
5148,0.22725156064746996
13770,0.5933778277821077
7303,0.18547676661777066
1477,0.12983248683058582
22627,0.06543227458933315
19353,0.28361887170873207
299,0.18458229293764988
22810,0.5680035038049125
19442,0.596411671515079
14246,0.35113915713223226
3002,0.3955729934029907
30290,0.2563156309010512
21562,0.06736784224106795
18231,0.24476772474370964
13932,0.13016761782956612
16382,0.6071202658163993
10496,0.12964064701662165
7435,0.16536484411233288
11794,0.10929159126577653
22285,0.15161374172386888
26934,0.07709039127570703
10459,0.6007420260635589
10929,0.05222921605312542
10659,0.13355397728775936
32548,0.3136597602278589
4239,0.06402777601383156
16496,0.6758416026994472
24083,0.6903538098441988
13076,0.16998804734675582
26145,0.12332093579938427
12842,0.06846199120047122
13636,0.08776461573530354
7379,0.15471786896689332
9722,0.5866410401870625
26540,0.09098350398920964
4117,0.07809695216908172
32711,0.19165993225190897
29391,0.4246615627739069
16144,0.1024836637528612
24029,0.5178492493198456
13938,0.5981919181755976
27218,0.6148178088710523
1309,0.3419383300930029
25912,0.6248502893693192
18482,0.5529452398988829
25625,0.06106440863378991
12066,0.5246608495837795
1004,0.144756553992636
25779,0.2232014276845345
20355,0.45269353078933017
2795,0.12288057551708378
32485,0.15161374172386888
16185,0.15094428845518854
211,0.06492414733680904
24406,0.6550508329767043
30257,0.4986812350077633
23205,0.06919779424018585
19392,0.5773617354774503
7150,0.6578261462989343
18987,0.47264955384696
21048,0.07854544869889384
27094,0.07879443346043262
30761,0.48835262138469776
3104,0.2942092783702528
22396,0.580840781602476
14990,0.08170962565858376
28023,0.2772955896549679
17040,0.0713818078247803
1987,0.6185230957111413
31941,0.20863842551177258
31327,0.09731873608504168
12013,0.2263526293266135
17330,0.1772095292754973
15498,0.1301148589700727
29365,0.018183677872421058
5334,0.0661554792256501
11720,0.16738929744416453
2514,0.08566144834526183
5796,0.19752209602553764
25215,0.7392868928665786
3869,0.07681776451363526
18001,0.17096312551128318
6618,0.6007420260635589
26048,0.30562089123739106
26584,0.15543135265767108
8139,0.09211265156450213
14851,0.17250472418222518
28922,0.09204973759626142
25901,0.596411671515079
22475,0.07241538315685986
19233,0.18865853477573824
1015,0.08357715477124354
8838,0.42616673444450004
7249,0.18458229293764988
17784,0.5461441106308883
16882,0.17096312551128318
20202,0.1733489233187545
6189,0.2059973410634582
25245,0.6706798754472026
9080,0.6009312071096181
241,0.2270328505149196
12805,0.21091593812535606
21837,0.596411671515079
23156,0.16324745229863308
1486,0.31493397651915295
27518,0.16147752667068851
21065,0.10478392633651352
6658,0.3017723125923636
28990,0.5604951614270833
15931,0.41287818465933585
23875,0.651373021035673
16795,0.07759754829688029
27431,0.6462774349938246
14978,0.07660890719997789
2636,0.5828314408774782
19453,0.08422734226052488
27893,0.5066095151784137
17696,0.25110101336468726
19033,0.09212234944248658
19623,0.07472307514115417
2857,0.18544413847350766
2480,0.6007420260635589
14868,0.07284096396765545
28374,0.13866550159308708
12104,0.6171150329916179
22388,0.6427028919569557
6670,0.25474984903298126
33016,0.08839014204272994
24327,0.5279008224624376
10512,0.2602778908393878
8936,0.15161374172386888
9393,0.30549291602504236
23028,0.17096312551128318
28739,0.15098723794362062
21118,0.16533876104913783
19906,0.25948499530928115
31901,0.10365274747140595
25795,0.404712629448233
13973,0.6370823630164475
10211,0.07273341616191487
31487,0.03918101353954407
6812,0.1509657654871159
6126,0.09669227563179844
2377,0.11595276805230245
8682,0.18465823999572462
14097,0.21888701458250617
15394,0.15543135265767108
11337,0.09212234944248658
29273,0.05414206850144158
31074,0.728408080940459
7892,0.5424552660032521
13649,0.5273739286596127
23814,0.3275888557177215
31740,0.27283749229196413
11396,0.037179084689240284
33153,0.5843673564586612
25878,0.14299458965795467
24853,0.5947158322411478
17972,0.1220182869265426
20030,0.07302869676239439
20806,0.12742756615471898
17916,0.28870928037021426
15370,0.11407204393624128
6707,0.07285956416907828
31145,0.08842377775599966
4010,0.07266950869719253
24682,0.17498013233993048
21764,0.2811293927109976
13474,0.5681970472480028
23378,0.6007420260635589
14839,0.6437564402414184
20895,0.08070930962104303
33315,0.07894189924894479
29279,0.09960405104259436
2836,0.15161374172386888
17313,0.5994639012449338
7404,0.29825031160914967
1908,0.5873825915881842
5378,0.15543135265767108
26355,0.31413416421884144
21045,0.11512064228200558
6386,0.3096547492776886
17401,0.5415544216609071
19789,0.7030779174842576
638,0.15603623308243222
2916,0.1171710346199871
29621,0.16703516158761775
2255,0.5088174252130794
919,0.2537062410568535
4575,0.16479256588383176
13130,0.18458229293764988
15252,0.12831467138969677
11018,0.5609311268378808
23119,0.059751630525621914
15715,0.08802887726806201
2493,0.06266863497196383
23517,0.16258091236014308
21736,0.15864837145725916
25685,0.5239197787931815
31401,0.37938486344890576
29161,0.1411970431479057
14492,0.5310229940609097
25158,0.6214911053069292
11262,0.09017226638619691
22365,0.24600774102311598
16114,0.08167102864444098
776,0.18458229293764988
11068,0.5310229940609097
9166,0.11608887979046123
31062,0.16324745229863308
8082,0.07971712759868164
11591,0.10568623785508549
24634,0.18458229293764988
25392,0.3644608485851315
16951,0.15682585307177582
30732,0.18544413847350766
10627,0.10382873844893258
7044,0.07266950869719253
6669,0.06612774834408144
25695,0.18579216120271522
7264,0.21114011765018686
24935,0.5537428963676515
25626,0.15594406311047743
23206,0.14000944238115404
9748,0.19030399970211062
28239,0.3419383300930029
20704,0.6041842124451516
32772,0.47372073810424453
8295,0.0985235667667479
32872,0.305912194530963
31021,0.576124715707205
26820,0.18458229293764988
3206,0.17592954105336908
9054,0.17848353974076095
30349,0.1776001242691593
30074,0.2691648121792741
21443,0.5599791053437916
4096,0.19052263119988433
21093,0.4932912492467022
29721,0.13292295907539714
29420,0.6296301351177913
7273,0.2604559375915789
28245,0.07157942377502484
11870,0.288594247377538
5582,0.14059790110782822
18667,0.6275353353400251
512,0.12802697988236897
29029,0.17481412282261766
26203,0.3519726809261588
1501,0.10276144696716037
2722,0.4799428691187778
32581,0.3592413693418469
15940,0.16147752667068851
18284,0.15161374172386888
30017,0.2834920746862951
15377,0.17790928251962038
4887,0.09668461163015166
3133,0.22055234307556953
5554,0.32888428639905526
29569,0.16730407641137712
6700,0.058687725214321654
26593,0.18458229293764988
19448,0.047142870647485235
31619,0.3029522879600324
18058,0.5158765391873389
2760,0.697446072564594
28789,0.06591972812137578
2928,0.0984359729059007
2459,0.1776001242691593
4490,0.08319623312498575
31665,0.46211699597170736
11424,0.21974583214590623
21375,0.675391470965792
20374,0.18865853477573824
20599,0.5778269731789142
17781,0.18458229293764988
8581,0.34674910021308
12145,0.05422723509658902
20664,0.07302869676239439
26394,0.3342972156358272
790,0.1733489233187545
4191,0.22725156064746996
23531,0.18765715731877194
32307,0.47070696516593086
21183,0.194326825741441
7955,0.40110741196632704
7517,0.17736390816191688
13343,0.30823217090578003
8301,0.6719761114699557
10018,0.17096312551128318
17002,0.3419383300930029
19084,0.11662469218867352
14862,0.10392477506438302
22131,0.18465823999572462
23971,0.3497682808765045
24356,0.49739603511751707
31172,0.5279008224624376
27017,0.4726571636536551
2774,0.10444732240285619
24035,0.038958948515933664
4131,0.5423242278846536
24750,0.09437322032329647
17799,0.17103464428545379
7941,0.06627911850008926
17734,0.6578261462989343
841,0.2161650686489155
1819,0.5759341412312727
7579,0.08010368390088334
22128,0.1733489233187545
5314,0.5230605440234022
8986,0.15161374172386888
12509,0.1215394129236351
29967,0.1171710346199871
3273,0.16998804734675582
3367,0.029511509293615474
27494,0.05659264366002736
10594,0.12716651822717437
26306,0.06504691404163283
12269,0.18465823999572462
16200,0.18458229293764988
21517,0.596411671515079
31342,0.07544796069732147
8224,0.10723448454664494
14087,0.0941858052383402
5791,0.19565734149672095
27421,0.6509672819656074
16434,0.13915340191627348
27594,0.596411671515079
18109,0.10683719487578626
2030,0.10929159126577653
10741,0.5843673564586612
3538,0.16324745229863308
12326,0.15668262135328456
16008,0.7054316016820209
20864,0.3254495925257422
1128,0.1462784327332
20395,0.21713120617341428
11518,0.6007420260635589
10358,0.2917376956956654
24183,0.13207380591835538
17859,0.06766778522122374
25486,0.0529551766999727
27782,0.3870124016036786
13672,0.6141863470659304
26994,0.11907466711851869
30776,0.10723448454664494
32502,0.04144635107316196
25045,0.17352302433177136
22540,0.21736185665856528
17003,0.12981642739848637
25210,0.07429990393376451
33249,0.3205735394393468
31041,0.1190970229935061
12882,0.10238554385780851
31241,0.04949340904372127
25815,0.3555722831613883
20186,0.4752095690004638
12543,0.16027316073667106
16459,0.09961369805786426
14537,0.22725156064746996
19366,0.4838506184143752
8608,0.0567360257238062
6325,0.2625206606115345
13134,0.17178995903295666
22549,0.1262443164671954
29680,0.31367912257946984
23981,0.22879307026123374
31600,0.12802697988236897
32239,0.1236936479424334
26362,0.44027763476411647
15197,0.1529303542939292
6592,0.03942599245170614
4986,0.08060598495663517
14913,0.08291118452873815
20323,0.06819538218906317
24883,0.14551822020124355
28479,0.0922048722471028
15406,0.12739428198481442
10386,0.17860640964706703
4874,0.2081325925033251
21641,0.1256807304274325
19526,0.4874803530682709
19108,0.06762958770753444
29520,0.17348350780555416
3644,0.2874914093822147
5327,0.0713955660131621
18448,0.08947682987654901
5798,0.13018220043394002
14835,0.13623769924472223
12332,0.4439457249351108
13265,0.15561761421234283
23145,0.17860640964706703
3230,0.08614978904803348
24182,0.08267941954236441
20926,0.3279647333588468
31866,0.1458280845136038
28307,0.05683261010251799
4858,0.8667066283899678
33232,0.6903538098441988
28148,0.1733489233187545
18328,0.22725156064746996
1944,0.6401032656357438
28164,0.6496113865482815
16173,0.12006732948494273
24135,0.4609283227678934
7152,0.2511816864964547
20353,0.6600366080130975
12910,0.25110101336468726
12365,0.6443180264778481
24329,0.21640030446287958
17337,0.8268789220083711
7473,0.2240940499064236
32434,0.20897718793987405
4198,0.18458229293764988
5209,0.28984155410359647
19395,0.49475491318012205
3472,0.0634353682430915
15822,0.2408045162558002
32988,0.31686880040752546
1883,0.1796123255416007
8635,0.06808114795144556
11052,0.1509111147939148
32228,0.16536484411233288
3290,0.333496299414767
15669,0.4875120678071052
6205,0.160287684219789
28979,0.5574365417944597
25520,0.07263551762936674
24818,0.08319623312498575
16269,0.15471786896689332
22877,0.15960226358417537
6448,0.13423588476061296
15294,0.6622539405296607
7422,0.616947953108024
11987,0.09436447182172887
29875,0.07182673933885955
15916,0.11703689098754054
16543,0.07081425045705693
7423,0.3419383300930029
23248,0.17114454106669327
32169,0.16147752667068851
1961,0.7412650170805408
11116,0.2544745142189664
23470,0.2081325925033251
16590,0.7582482575291684
4580,0.5557429041395623
19079,0.1697164422017784
9820,0.2625580259005493
27263,0.05742160753576019
10897,0.17116251150903045
15985,0.18458229293764988
5317,0.08279915096344313
19633,0.57242014353874
11092,0.18458229293764988
111,0.18781103923225606
18452,0.18715447662405058
19689,0.6066402303353431
29232,0.1733489233187545
27114,0.35026451120405794
10694,0.2833917618612615
16348,0.5943142472358703
11281,0.021571155221340114
4892,0.6235192503307008
27301,0.6957018827208197
17942,0.13595865181385378
15528,0.09664705330870095
21624,0.17096312551128318
12959,0.5519957196252515
22078,0.3419383300930029
19700,0.06764982074527612
15764,0.18765715731877194
10511,0.18781103923225606
18365,0.13203855731986092
1655,0.17592954105336908
20638,0.6007420260635589
27616,0.23035767287475056
13769,0.12576397867618183
24832,0.09835863639063122
23718,0.7442018405508893
17077,0.03463439994046379
9736,0.33219618031754916
12118,0.36747085786407124
22869,0.09852741279040193
24967,0.14486618787822056
3495,0.3419383300930029
28412,0.16027316073667106
15463,0.5272604280844713
30890,0.06335920478176597
22079,0.2545476752137918
32390,0.22774811594781
24552,0.09634113552270468
3360,0.07677113177272397
6060,0.09376911311003684
21954,0.44752449008898443
29839,0.18458229293764988
26762,0.06200233580505887
14939,0.16998804734675582
19436,0.6443180264778481
15017,0.34674910021308
18094,0.5436449101008337
9693,0.08776461573530354
20336,0.06764377615654953
28805,0.15706207128932104
27005,0.6237177469811639
16211,0.1509111147939148
31138,0.1262443164671954
8236,0.44961211049203786
20859,0.18781103923225606
31897,0.15471786896689332
9331,0.6509672819656074
10003,0.27262766441596376
15257,0.14582540042656747
20252,0.17096312551128318
26187,0.09313188630247991
15509,0.092250961006721
30553,0.08474108436805473
22976,0.0691713038373657
28168,0.18458229293764988
27331,0.2684346004412233
28435,0.4246615627739069
11127,0.09854945179243634
24473,0.08444718069369934
6604,0.05953055531140304
1430,0.3084956414244747
31422,0.3166980776613025
17754,0.5537428963676515
18600,0.6041842124451516
14812,0.4249368596963565
8486,0.3176589689678748
17468,0.3083943480233722
28502,0.30684566745134034
27929,0.3156320218962493
27055,0.08642727230024533
7839,0.06689255257568477
2407,0.07899219779051889
29633,0.3072367402286428
23134,0.15402039530257683
14043,0.18715447662405058
7252,0.18458229293764988
26933,0.14141795240278768
15016,0.21736185665856528
5248,0.5293509310345853
8027,0.11662469218867352
8611,0.18765715731877194
2848,0.09854945179243634
23357,0.04521217294529256
13661,0.12001678603960854
11815,0.07725518327012207
29036,0.05414206850144158
13394,0.06730179162656859
18939,0.08240360833236682
13378,0.07416110271129855
1056,0.05939618046790004
28209,0.13147108859758821
23590,0.18544413847350766
15753,0.5104477587099844
10314,0.281775184676617
6608,0.20432816133466492
16237,0.4160670188186601
21320,0.6857411106654189
15721,0.09098350398920964
1427,0.1602156523081135
31077,0.6941930283586928
14484,0.6248502893693192
21872,0.06663253121491729
22818,0.0541442936021041
10727,0.6007420260635589
18998,0.06599309147806015
25613,0.17116251150903045
14544,0.08978588345741492
27129,0.4661736721022525
23384,0.596411671515079
26294,0.5759341412312727
5732,0.10424494818099528
5177,0.17177477669836497
11749,0.1477518750625197
25793,0.17860640964706703
14142,0.1748712869258326
4576,0.029511509293615474
5154,0.3128810416422553
26293,0.56029374458444
15239,0.6171150329916179
23545,0.34161447815945717
7054,0.18544413847350766
28407,0.30785623832620224
25182,0.09546041891102885
7049,0.4172106727452146
22134,0.3419383300930029
17289,0.10219465251435675
1077,0.15951526565042887
20868,0.0640898082741952
23625,0.10824715638952148
27038,0.35685508577479164
19905,0.18465823999572462
1867,0.6903538098441988
6211,0.18458229293764988
13886,0.18458229293764988
33169,0.08364142194361954
2096,0.10687409516237859
18386,0.6254177355529956
6266,0.19020682455443852
9730,0.15706207128932104
22307,0.18458229293764988
26131,0.3419383300930029
25563,0.058055365951602274
30854,0.6869030307729714
28884,0.05763988246393375
16182,0.16730407641137712
2828,0.08614978904803348
10061,0.17096312551128318
18172,0.22734718157511327
10453,0.6522007357225652
13488,0.10499732524356574
1569,0.08364142194361954
22084,0.05649647347760302
30991,0.17848353974076095
26217,0.41511243706129314
24288,0.5563172061364623
5306,0.07254158833778483
8354,0.6041842124451516
21029,0.08947682987654901
27299,0.5901507338774089
23583,0.07899219779051889
2260,0.049964545541877924
4947,0.2120208339103406
10402,0.5799858031831783
10441,0.10718715543866479
26737,0.28335368488198426
9949,0.06609225571565341
18923,0.33060234675005634
23512,0.18458229293764988
26201,0.12334086435751357
25597,0.18765715731877194
13459,0.3137756253166856
5200,0.6009312071096181
21020,0.08614978904803348
13469,0.1332551400218873
13978,0.1703918762949625
3503,0.12570873336848867
9935,0.24894538547522474
20403,0.5568888476179403
24689,0.17178995903295666
3265,0.3128810416422553
18826,0.10303837356601829
15866,0.06507600934004436
25630,0.09634113552270468
32031,0.18458229293764988
7110,0.0975632471843844
12034,0.07273341616191487
19584,0.07065731334918329
22973,0.1481922225998928
20613,0.12964064701662165
18318,0.5831152841825944
25174,0.10968781138055539
5726,0.1262443164671954
189,0.14590936330653526
8984,0.18781103923225606
1559,0.17592954105336908
15889,0.08614978904803348
32109,0.18458229293764988
27238,0.5901507338774089
9823,0.2653771776998966
14427,0.5529452398988829
15004,0.0587911319202453
17858,0.3397465705532509
23237,0.22105267692617994
12815,0.06696442819810997
30250,0.08291584373399455
13129,0.21888701458250617
6723,0.08240360833236682
30422,0.24886703513662897
21153,0.18458229293764988
21933,0.11117921326023124
32610,0.18458229293764988
13035,0.07795298724233111
25921,0.09942817061055607
10187,0.1733489233187545
4706,0.22825620299305324
24863,0.30921351045847734
31334,0.06542786725157793
12315,0.40515980844761873
16163,0.16039555991923898
6094,0.6007420260635589
14311,0.18458229293764988
18474,0.45427413854920673
11202,0.1748712869258326
2486,0.07225721330204019
27733,0.32101080011211797
3632,0.49504844894558486
32035,0.17335567866766888
11073,0.16734072429436322
23289,0.04964461955982745
12402,0.5798697911317917
22559,0.5799858031831783
6192,0.19011988511804762
19472,0.22488286051015274
30813,0.18458229293764988
8114,0.1262443164671954
32655,0.5901507338774089
24195,0.6960686816579652
24091,0.1989939136977941
19515,0.5604358095349906
17777,0.17736390816191688
32024,0.3419383300930029
28315,0.5803296067687809
700,0.073182113007541
24278,0.509669516114
6293,0.1411970431479057
32651,0.27927726186105634
2855,0.1919435481518518
10310,0.17096312551128318
31529,0.21888701458250617
33130,0.1236936479424334
21104,0.1602156523081135
20941,0.173982641345438
12791,0.17592954105336908
25068,0.5822170512661509
32003,0.2305628615754262
13720,0.06055379275806554
15957,0.16536484411233288
31746,0.5778269731789142
1783,0.14023196532253482
15199,0.24075638249153783
9856,0.10316351723919853
6131,0.12964064701662165
22389,0.2068945412953412
6758,0.09436447182172887
28459,0.21391689857199256
16146,0.16954914716897768
7354,0.160287684219789
3779,0.17860640964706703
6790,0.28918364628947024
27681,0.13125509181310452
16350,0.11118159170395134
23922,0.051243873729475926
31068,0.5672050590043195
22444,0.06856706660494583
32391,0.5032145036719629
21478,0.6248502893693192
9411,0.2844341943117978
19665,0.6009312071096181
9439,0.25747844881620363
2697,0.0944075961672185
9181,0.6066402303353431
31454,0.04904252175878222
7317,0.4935930104854381
19364,0.2972770652383765
31595,0.18465823999572462
24399,0.0750948679874499
28992,0.20337092319423422
27790,0.17431616472264144
30545,0.09436447182172887
3601,0.22681699689187118
975,0.15706207128932104
31263,0.12565796934490986
19470,0.06660155266193758
14682,0.058183233911369106
27730,0.3015109320670219
21256,0.49504844894558486
26677,0.3502372321353034
13646,0.638933210659775
25391,0.5047147612590894
9187,0.3664038924402034
9538,0.08586841169722853
15491,0.08947682987654901
31309,0.09436447182172887
6194,0.1371253955119579
28651,0.07432912375740688
27178,0.08974187577053792
31315,0.05222921605312542
16806,0.13026643380743458
17112,0.07014763159800125
22455,0.2270328505149196
11354,0.1286135585348609
30623,0.648455965648058
29899,0.1748712869258326
13483,0.2408045162558002
16857,0.12700512550389692
22220,0.2270328505149196
30396,0.19555038870301852
23975,0.05624149295393473
16599,0.07266950869719253
11323,0.28783241687140554
2160,0.2806703692262095
11238,0.1458280845136038
23822,0.2310152295878872
29481,0.28036433715987324
17776,0.41183083343677557
8393,0.0763572050843329
21476,0.3920027267910869
12354,0.4409690558243527
9169,0.08839014204272994
32168,0.18458229293764988
10596,0.1262443164671954
18520,0.28015037929630243
20486,0.19461188528527895
9485,0.06916530594380399
9414,0.5866410401870625
23099,0.18513194233296462
31090,0.6757668397806298
1029,0.17114454106669327
17220,0.6571602157034969
12186,0.21201638077507617
14570,0.47007377095448943
10664,0.12169650449953755
1972,0.5574509406216164
1881,0.6000377214547185
983,0.33219618031754916
31913,0.06799658742606235
25722,0.08802887726806201
33104,0.09436447182172887
18371,0.31336520716885125
17103,0.3699921927430313
30309,0.19149381112568564
31980,0.19020682455443852
24801,0.16324745229863308
4565,0.25174636844992226
26854,0.1341178807411736
7832,0.19090584454189508
16939,0.3664038924402034
23909,0.09649601403426139
14738,0.12747888993700346
9958,0.2081325925033251
29324,0.28886184285635275
29760,0.14329127849913412
21847,0.6914800625566886
4845,0.49475491318012205
28203,0.21631414143130456
31599,0.09486323898337679
13169,0.15029238324800323
17639,0.18458229293764988
18974,0.22688506100822753
30589,0.11294906783396809
24865,0.4730214161030239
13992,0.05289853425029161
5245,0.34885058388504503
21274,0.16998804734675582
4326,0.6007420260635589
12743,0.05968983742573841
1722,0.08319623312498575
5647,0.21862389463400186
564,0.5803036411095525
2786,0.18458229293764988
6849,0.40515980844761873
30680,0.10406420365830371
15602,0.06284480846641398
2999,0.300012992515482
23714,0.16523906497390536
2032,0.6774979282072738
20850,0.16282132467796076
18257,0.15706207128932104
15217,0.4935930104854381
20379,0.6007420260635589
17371,0.2061901631641847
19914,0.06131013471540228
25167,0.6509672819656074
24411,0.2154666332941971
25789,0.15706207128932104
28052,0.11530361818086352
1919,0.685839197435889
27177,0.11018388844056017
6961,0.1697164422017784
25600,0.10256744751067763
19235,0.09854945179243634
1251,0.17096312551128318
18821,0.11018388844056017
31479,0.06916530594380399
21098,0.36465291038747766
20182,0.21239071056085917
27194,0.17039594521764145
19085,0.097493413300172
20787,0.06488460626626219
25103,0.11126370858804023
14885,0.18465823999572462
19563,0.1093968122725299
20077,0.16536484411233288
27619,0.06507273751478812
1894,0.08690949296476055
13611,0.07263551762936674
4009,0.3526700466357446
9503,0.08346844197945778
19126,0.08752652839016657
17060,0.03163836528806327
22483,0.5130484540631337
26442,0.2394318921394904
26214,0.28189385733615296
1339,0.36758298240354953
3477,0.18458229293764988
5363,0.596411671515079
28974,0.09486323898337679
27462,0.16324745229863308
15612,0.6138412028570835
14486,0.7582482575291684
5656,0.049520399907503725
14163,0.1695744474043145
23837,0.04860008779136875
7366,0.2543744655423357
933,0.1600466309691417
30560,0.693892625366461
6498,0.5279008224624376
8469,0.45378460572113427
19503,0.6296616502448782
4168,0.06194279927701249
15034,0.09436447182172887
30798,0.18544413847350766
16189,0.5450480578911434
13915,0.05402819818934116
6164,0.07662100267658263
21221,0.18465823999572462
20952,0.06507273751478812
6327,0.15161374172386888
32372,0.12964064701662165
4476,0.5912916517782385
2969,0.17481412282261766
18294,0.3380509720166515
347,0.18458229293764988
31427,0.2606537662884082
9006,0.5888419111957138
28512,0.09204973759626142
3642,0.46676019856940515
14604,0.5199315659487135
13160,0.17848353974076095
8745,0.28893171500795867
14242,0.1697164422017784
32509,0.10887527750296049
22920,0.38235500454344123
30997,0.16324745229863308
3170,0.18458229293764988
289,0.15543135265767108
27221,0.1360093426820674
28837,0.23398218612372843
18625,0.07266950869719253
11477,0.5702898831840277
32820,0.682008164621337
11223,0.06944942045212318
12247,0.064816927404831
16267,0.08289089887913373
8251,0.6441264455656759
19590,0.29197450734851077
27947,0.0915174881808616
12393,0.12794349281906583
12179,0.21862389463400186
16634,0.17096312551128318
23892,0.22105267692617994
27243,0.5469094836577225
24828,0.3065414375404242
23321,0.6132849241922589
15687,0.01794268664639227
6774,0.09181266850849805
29080,0.6550508329767043
18199,0.2577679641567735
24153,0.2047072685986646
9767,0.1411970431479057
26413,0.19489008284405226
2587,0.17047286455867283
8150,0.1286585313032268
27750,0.18458229293764988
12031,0.19489008284405226
22473,0.45269353078933017
15220,0.13238023201050972
13105,0.18781103923225606
10839,0.1919435481518518
17465,0.2965305517806116
25195,0.5571989379603298
18212,0.34885058388504503
15418,0.14486618787822056
26818,0.07639279431240485
2027,0.7393242148824108
5164,0.10888305503873162
14212,0.06983532256176386
13195,0.4661736721022525
11038,0.680784093134292
32494,0.1697164422017784
8535,0.46774551771975875
1156,0.18781103923225606
21542,0.06510343790336058
16792,0.06660155266193758
25433,0.596411671515079
12778,0.35083051879766636
11242,0.07608196032374333
13429,0.08947682987654901
7972,0.08620588637396474
993,0.18465823999572462
31645,0.5970915859192213
18195,0.16988201656715926
26262,0.17592954105336908
4513,0.10615692627503028
23445,0.6423600555328621
25987,0.17860640964706703
1856,0.22032591789856407
3992,0.1458280845136038
26472,0.0904147996578947
23278,0.29197450734851077
30159,0.31367912257946984
24421,0.21129741814491987
21884,0.17096312551128318
17246,0.638933210659775
29821,0.22022854975875839
11268,0.28314006604587094
32639,0.06402777601383156
22924,0.5271726796552073
5357,0.3123107579912493
21456,0.016188045315239746
8978,0.08697132827440399
2787,0.10929159126577653
28214,0.08274342041699968
21236,0.2972770652383765
33092,0.3412882993946976
23937,0.1976747434858041
11997,0.19541485830905062
10136,0.16998804734675582
3348,0.06333637903385834
14744,0.08223261846404688
16383,0.21586338182013776
12808,0.16730407641137712
21198,0.17400447930076107
3664,0.34324969393717025
33122,0.15161374172386888
29224,0.16258091236014308
9615,0.4404176038539067
9884,0.18458229293764988
25736,0.18465823999572462
23097,0.10837056946417699
1102,0.061420328670022235
19056,0.3639711638032396
29117,0.7119701811264488
24075,0.6009312071096181
9765,0.1979289639597318
15099,0.15561761421234283
32140,0.08240360833236682
2009,0.08857359247850059
29512,0.2446823592897591
13304,0.8159241271823497
24422,0.05856048473767517
8572,0.1458280845136038
30797,0.5233298538372488
17831,0.5077517822364342
21007,0.16998804734675582
2141,0.6171150329916179
30870,0.0527130514206161
13336,0.7895938624595747
16906,0.13770609519465346
19805,0.6706798754472026
1761,0.18465823999572462
9409,0.2811293927109976
30920,0.15471786896689332
14381,0.5568888476179403
8022,0.6550508329767043
9326,0.30591772480596297
14754,0.21129694452065653
1786,0.05612220577836204
30338,0.29331401544070856
31616,0.3869359990288001
19312,0.18546025843735023
1438,0.16897941334937092
31370,0.07244767379853577
3116,0.7653586861906446
6172,0.6371833878380133
307,0.6591499405141571
19446,0.6914800625566886
12578,0.5099514440828488
12995,0.15161374172386888
5207,0.6020777470007712
19143,0.34621516596794555
24379,0.6104569540795503
25335,0.1829148679985548
7073,0.6542453663162603
15036,0.6578261462989343
4642,0.22308815638775614
14578,0.2271481827927877
7660,0.18458229293764988
22318,0.23243548048005191
15584,0.09008447948125245
29679,0.06460905637956725
32026,0.22950530662093738
5496,0.060396282507382465
6245,0.3941817104436921
19741,0.43072980337779
15765,0.24158738871204705
22878,0.18458229293764988
23155,0.07971712759868164
10382,0.20279982956685963
8221,0.12399250895232246
16754,0.18465823999572462
29085,0.18458229293764988
30022,0.1876316825963149
26568,0.18458229293764988
859,0.08465454448184787
25975,0.08802887726806201
23584,0.034907279465723404
2876,0.09436447182172887
18613,0.2574267316909859
11233,0.3630457507636859
31664,0.2189907379066163
21175,0.15543135265767108
4438,0.16324745229863308
9594,0.24476772474370964
8148,0.18458229293764988
20654,0.5680035038049125
5297,0.10888049521303612
6003,0.18458229293764988
16864,0.656069227017156
7889,0.07699128864719915
32161,0.0688869010086251
29871,0.20060620830536036
16493,0.07639279431240485
28965,0.5568888476179403
16588,0.636293063619334
14739,0.3016115862080635
2899,0.5469247561661462
10068,0.1834341169597091
32287,0.4503063971416367
6248,0.17343592313676812
11875,0.16324745229863308
14407,0.2305628615754262
9053,0.5932776907365015
2391,0.3419383300930029
32217,0.13131673443822528
23061,0.2287573251593972
12384,0.18600582063376297
32683,0.15161374172386888
21293,0.697446072564594
25419,0.0434866801678929
141,0.0975632471843844
25501,0.2305628615754262
28193,0.19342671591386762
679,0.18781103923225606
6196,0.18954803267252524
173,0.09436447182172887
21804,0.024724829693358458
12421,0.6171171390289049
9813,0.17096312551128318
27079,0.10723448454664494
8947,0.3260044585460178
30207,0.5469094836577225
1801,0.18465823999572462
3365,0.08947682987654901
17419,0.15017402902410337
30256,0.17046612428521335
24811,0.18458229293764988
2109,0.11313119009156676
21401,0.18250116913667053
4437,0.5268817408391222
31753,0.6509672819656074
17381,0.18458229293764988
14117,0.18781103923225606
24494,0.2813702224542122
5731,0.09436447182172887
17354,0.0804319333540059
14094,0.11671567524852093
25863,0.7017014017206544
4612,0.1825047388059166
6399,0.19375946827708626
31737,0.06567986004548099
11716,0.1165251379375028
24137,0.7386335106555025
9860,0.15706207128932104
31500,0.06488460626626219
15641,0.39736009057474353
3983,0.08250043716687921
23251,0.1134477832382365
31933,0.49945597954210896
8612,0.39144857509920955
27982,0.2736236042116546
23755,0.2394318921394904
16396,0.22725156064746996
18724,0.10615692627503028
13454,0.606162889971489
26182,0.6138758563091847
29054,0.12019091345130284
8894,0.08432320236453536
3705,0.1487680472996437
9277,0.28314006604587094
8438,0.18458229293764988
23468,0.22510553852065948
17936,0.08052043536386636
2157,0.07471270347108754
22567,0.3813178635688306
29489,0.21548718879646933
26531,0.16768217315308875
28714,0.07155265611047684
32080,0.6757668397806298
12048,0.08642727230024533
4824,0.18458229293764988
25154,0.6384184819965437
12306,0.4935930104854381
14865,0.3060761462028528
4510,0.07863721289444789
20726,0.0680339913062075
31675,0.43014152122183447
7855,0.10237753420432527
21912,0.14737994457461787
7997,0.5103489841331578
8677,0.10061525385938867
4653,0.07592331887132744
32851,0.1058606558952766
11825,0.0926907369933404
32297,0.10837056946417699
33362,0.10499732524356574
9192,0.5310229940609097
27119,0.5177507139861245
5094,0.17860640964706703
20264,0.1577134282388533
7587,0.16730407641137712
26569,0.18546025843735023
32051,0.05309592947058385
4329,0.2653771776998966
23782,0.11403471532768747
21831,0.06764982074527612
20315,0.13267676616700452
3362,0.21970164308610057
8414,0.17400447930076107
18345,0.2082647341503752
12006,0.49197000832807364
18027,0.7119701811264488
23661,0.25110101336468726
20316,0.35361150730784624
4124,0.08179189457161791
16354,0.09436447182172887
29060,0.1697164422017784
32706,0.17592954105336908
24487,0.21888701458250617
11368,0.16324745229863308
20518,0.5904875307007451
30858,0.08465454448184787
10901,0.18954803267252524
23327,0.2394318921394904
8479,0.05144770326362645
17969,0.5124397850198863
2186,0.08625038845111753
17196,0.05970315111461204
15631,0.14157544423807253
8981,0.15561761421234283
15048,0.18546025843735023
30142,0.07131860319615341
19409,0.8637539636298067
18840,0.32903757832009595
1292,0.13810276718290918
21405,0.6687302828831868
10467,0.08642727230024533
26773,0.08614978904803348
30106,0.15161374172386888
28229,0.29085751924107983
18725,0.132384535219247
27459,0.18458229293764988
12028,0.4659480581355842
21305,0.596411671515079
20417,0.13206399452643133
1047,0.08918248889321163
3878,0.21095212057032037
18176,0.15861319427798354
10660,0.7254847438687831
962,0.478743240022577
24627,0.16324745229863308
843,0.0944075961672185
2806,0.17046612428521335
19733,0.5286029308132584
10036,0.6044988046431038
8238,0.2981284141847583
18086,0.054268780195950855
9678,0.4451981436242309
5691,0.596411671515079
13247,0.5291376753378226
5360,0.08155539854476804
12634,0.5667572795269481
28723,0.1142514576891069
30042,0.4409690558243527
32302,0.19011988511804762
25285,0.08465454448184787
19231,0.2270328505149196
14549,0.12065195541394315
4877,0.144756553992636
6879,0.5904875307007451
32803,0.1285524798970531
33076,0.6525370277501499
6143,0.13930567884081593
11445,0.12985855047887945
16478,0.14624370184785898
7867,0.6484373578098396
26348,0.06655543500717563
24718,0.6237177469811639
6807,0.17821504340128563
23546,0.49230901574220526
13759,0.08354255582917117
11969,0.596411671515079
8770,0.2813702224542122
8631,0.1326454608409062
7301,0.14590936330653526
10001,0.3065414375404242
16368,0.028325687998235007
14306,0.18781103923225606
15642,0.0639879650331214
20711,0.2618771765542766
13916,0.16189529025883673
17588,0.06673519097904229
24206,0.22401441772733124
12993,0.11366573075676968
29094,0.08107761723139371
11302,0.15706207128932104
31636,0.18781103923225606
20022,0.168262445404645
30472,0.5416665407411594
19101,0.0871193808801356
13138,0.06499362366110177
33015,0.1262443164671954
23480,0.07800542258643256
27767,0.21391689857199256
28520,0.09140982645676854
9440,0.13585937709032936
8630,0.44358779460531444
31002,0.30483420632044084
14185,0.0984359729059007
20732,0.25396766392869996
10960,0.2929062654527055
2526,0.09181266850849805
19959,0.16730407641137712
17663,0.08092156062438313
17123,0.6550508329767043
2593,0.044289518940185964
1061,0.18458229293764988
32888,0.4963158890887612
26169,0.6903538098441988
18784,0.30483823726259124
7569,0.07487348355317108
3813,0.10971111590048553
12487,0.07157942377502484
30881,0.12490403638566185
7261,0.17786705141588496
13444,0.16967939684935254
28519,0.07971712759868164
9158,0.593034661258817
26404,0.5843695797692976
16131,0.17114454106669327
225,0.08997393595664077
7767,0.34530250175181126
22543,0.07225721330204019
6072,0.06541936746744703
33017,0.16896277186033318
24307,0.6041842124451516
29280,0.4827031852476528
2235,0.0680339913062075
12652,0.1171710346199871
15069,0.245682684685236
21347,0.7343726173448935
19091,0.11955574938477849
14875,0.07677113177272397
20708,0.21976080565325004
18390,0.1262443164671954
6502,0.05363344908554978
20493,0.13623769924472223
32809,0.5994639012449338
9221,0.10657893284118887
26464,0.16837950497848528
20603,0.12794349281906583
9539,0.07225721330204019
14706,0.20517475519654543
19534,0.24210806498004853
23158,0.168262445404645
25781,0.12132829238417144
15779,0.1987687843763168
11961,0.2813702224542122
24542,0.3156320218962493
15848,0.22774811594781
11098,0.31073900931911763
29472,0.12187704109767808
25470,0.15161374172386888
25388,0.5563172061364623
31034,0.3156320218962493
15610,0.37880794227659037
2719,0.14919569390881002
14475,0.0640943605233484
20766,0.5815773311730635
5827,0.08107761723139371
24435,0.09017226638619691
13149,0.052723161288281535
3936,0.6296616502448782
2114,0.08448290335090165
11612,0.17234205749383727
16640,0.20565681583089487
3102,0.05434720352001428
16069,0.25110101336468726
32496,0.4660941648933268
2639,0.14858490246255124
29037,0.08102263306405935
31703,0.9075586490824793
31151,0.16730407641137712
9529,0.168262445404645
3393,0.2350273967373767
33041,0.17736390816191688
7502,0.1792884506351559
30077,0.17046612428521335
31983,0.08614978904803348
4557,0.22725156064746996
23182,0.22105267692617994
7989,0.6914800625566886
25489,0.060572242946061484
28153,0.18017884647078156
7331,0.3272713674741736
25760,0.25110101336468726
32863,0.32888428639905526
12230,0.3128810416422553
19432,0.5279008224624376
15175,0.09436447182172887
25382,0.6060372035537824
12271,0.18458229293764988
29957,0.15960226358417537
2081,0.14226443146254775
20568,0.12689023322700496
10063,0.04403451071179664
18113,0.06507273751478812
3837,0.15489764980870838
31008,0.16258091236014308
7665,0.26292181284004656
25460,0.12208300924027204
28467,0.18883237275799375
23812,0.07156547000311507
1217,0.13206399452643133
6533,0.5529452398988829
21192,0.16459446877298192
15964,0.3419383300930029
32310,0.17736390816191688
30068,0.08802887726806201
21676,0.12918742936627614
22054,0.18458229293764988
16513,0.3594365434478878
9675,0.06808114795144556
24541,0.6725539292352861
8176,0.5726131971171771
6819,0.3815440230150338
22162,0.13929328056991636
12597,0.18660422880451905
7966,0.5698186764763118
19464,0.16027316073667106
17976,0.10437962153220423
11399,0.09643126899830741
29728,0.606162889971489
6840,0.2826836805577219
20739,0.19165993225190897
7723,0.1979289639597318
3550,0.07329635939452861
13880,0.4833287064852339
20744,0.31367912257946984
10821,0.0713955660131621
26167,0.5557429041395623
16324,0.46161831786476554
20998,0.20291874825930167
32069,0.09960405104259436
5253,0.5170222217345741
26125,0.1602156523081135
19658,0.09709728790015895
16494,0.09436447182172887
28944,0.6280586712833016
22236,0.20515971988976456
3989,0.18169942105818673
21412,0.09436447182172887
26761,0.07544796069732147
26955,0.2942360124169105
11508,0.596411671515079
1592,0.14247825607607392
12125,0.08118417356996994
12864,0.16998804734675582
19488,0.05997060411522097
24374,0.5680035038049125
5231,0.08872932477976134
21369,0.1772095292754973
6995,0.02380123901631072
5420,0.3513642623786792
18229,0.07591734787133299
26898,0.13206399452643133
4447,0.5784431443023106
32814,0.1045714849868785
29448,0.10424684480057625
6111,0.23305654035237086
21222,0.18458229293764988
13493,0.2652779234651814
15249,0.49739603511751707
14437,0.49230901574220526
17331,0.09846529073018176
1264,0.08465454448184787
31143,0.18458229293764988
13537,0.10615692627503028
17645,0.08438684960002614
25916,0.17096306187061913
11780,0.09436447182172887
17536,0.08291584373399455
17402,0.6957018827208197
26759,0.6248502893693192
23914,0.10929159126577653
8763,0.17921131686296154
12713,0.0718635222541555
19050,0.3837071503874935
15679,0.09436447182172887
12433,0.04757954921605129
17500,0.07899219779051889
1782,0.15706207128932104
33152,0.5831152841825944
12591,0.06635894758570117
14666,0.6550508329767043
17805,0.08759280600024932
1261,0.1944506892149726
17278,0.21970164308610057
17691,0.08155539854476804
10450,0.6066402303353431
24151,0.616947953108024
23146,0.17096312551128318
19495,0.1655078946782128
18605,0.596411671515079
30561,0.6248502893693192
26170,0.5913007439828127
7682,0.100884864158728
845,0.08240360833236682
2279,0.5568888476179403
74,0.6903538098441988
7113,0.12964064701662165
7637,0.43368656231984887
28633,0.57242014353874
29249,0.586938398141435
32678,0.40459966124851565
2700,0.5189365677447897
17738,0.3641281762704245
13545,0.0587911319202453
22960,0.08506440876374803
154,0.1895334880445922
7671,0.35769711543047433
7337,0.09665704722557043
10635,0.3453587404324194
18447,0.07246544163203057
31480,0.2408045162558002
29051,0.11842938752844714
8673,0.0943827495165238
31949,0.19399927123004956
24546,0.07971712759868164
2842,0.13982274486909246
9249,0.06668113334647996
440,0.17096312551128318
5577,0.6187176805172796
16451,0.6826862314077071
17341,0.0587911319202453
17159,0.6112099081590813
22386,0.6732154743865757
18410,0.6237177469811639
26134,0.2346821028977564
24714,0.15706207128932104
14314,0.18458229293764988
25386,0.5286029308132584
22249,0.06976095819403598
397,0.18883237275799375
15520,0.5849872884294944
29980,0.6185230957111413
5761,0.06692605930721857
14270,0.05895288090821522
24798,0.17592954105336908
29227,0.26955201608258483
4468,0.17592954105336908
14102,0.2081325925033251
32998,0.11847063354398438
29244,0.16147752667068851
24796,0.16730407641137712
444,0.18458229293764988
17156,0.14976018454951157
12188,0.5095435740163944
27104,0.06540151800926132
13479,0.6550508329767043
2389,0.09167101427332504
30494,0.5843673564586612
27488,0.3539856510702658
32517,0.3520183014772652
28546,0.2897911226697189
26274,0.10238554385780851
28045,0.6596007851687584
7629,0.07358188765771143
27485,0.18458229293764988
24348,0.36213969743474483
32054,0.4660941648933268
25593,0.22688506100822753
20911,0.45620411294356455
7692,0.4131400361172219
18173,0.3813178635688306
18980,0.07729115601210745
8680,0.16730407641137712
23871,0.17096312551128318
16793,0.15668262135328456
25521,0.17104289922420415
11879,0.06672574415021613
7336,0.08978588345741492
20729,0.09212234944248658
3310,0.17104289922420415
12849,0.21652587466182702
4831,0.1736348429812057
21791,0.11907466711851869
28843,0.35083051879766636
21288,0.6123737133125777
14040,0.18865853477573824
16335,0.14974407172304507
28685,0.11789911577943354
20225,0.14088808642009923
27316,0.12802697988236897
4207,0.18458229293764988
2868,0.0939103431281376
9532,0.16039555991923898
13025,0.1111972989652803
28615,0.08127464445330898
28296,0.4661736721022525
6236,0.2322303094608824
7681,0.19585694254847208
20294,0.11839580525481207
8119,0.5759341412312727
10224,0.16282132467796076
27377,0.35022520028106763
28266,0.586938398141435
11462,0.1772095292754973
25911,0.13137673943519937
7515,0.15981466673079897
31725,0.07142530115192777
10784,0.0966396853389907
4784,0.18502711687475903
24011,0.11924928769376285
14084,0.4258293369644942
14391,0.596411671515079
13625,0.08604970247324652
24009,0.5947158322411478
18376,0.08323472269429616
19373,0.18458229293764988
8131,0.2305628615754262
19691,0.06919157796113977
24229,0.10440794764220204
21446,0.5703863561030462
14999,0.08997393595664077
26079,0.5799858031831783
26976,0.18458229293764988
28791,0.19891105642246654
11010,0.5271726796552073
23264,0.26194181860958776
27277,0.29957649208964904
10851,0.6041842124451516
15238,0.4631520733138027
26607,0.1834341169597091
18577,0.5970915859192213
23905,0.38215253364877666
28382,0.0680339913062075
23391,0.22725156064746996
31964,0.17103464428545379
27825,0.1138788517054697
31366,0.09506047488671349
9315,0.5831152841825944
20060,0.57242014353874
24127,0.0834447266914098
19854,0.20129235151289263
10538,0.20912248498196312
26160,0.42393650242159864
14759,0.05912439958201329
15119,0.15161374172386888
30558,0.6132849241922589
22667,0.0944075961672185
18501,0.14101716291715188
24946,0.11670745524319745
23967,0.15543135265767108
32884,0.45804823396879396
12281,0.19899571231063226
11709,0.23483282391247748
16682,0.2961725373114811
12231,0.03752909231890312
31642,0.6270831612903734
24291,0.025027362184477667
23615,0.1600466309691417
32032,0.1733489233187545
2619,0.09436447182172887
18852,0.06846199120047122
30562,0.3166980776613025
15736,0.061020463481498304
31346,0.1281418893540292
30335,0.6007420260635589
30303,0.06638118252586164
14761,0.6066402303353431
11556,0.08346844197945778
10154,0.4092920223434997
7971,0.09692197182755763
18646,0.27985394714698547
23516,0.3243201875325852
554,0.06200233580505887
28804,0.16324745229863308
16800,0.5943142472358703
15209,0.17129094374424494
16609,0.07257583726466142
12918,0.25174636844992226
840,0.22285278776621223
15193,0.16998804734675582
8507,0.19020682455443852
1446,0.1262443164671954
5704,0.6102488201803572
12622,0.08140041657089453
25441,0.2342115816056256
13799,0.0909194137799057
11954,0.08540299943551967
25875,0.6092881638140715
18045,0.07350938154819418
15319,0.21736185665856528
12376,0.182381115536524
5398,0.6903538098441988
29363,0.49131270405788074
33213,0.18458229293764988
19582,0.6623334392189155
16901,0.16730407641137712
2988,0.08788539975265801
18984,0.24315907912117796
2145,0.1717773716326143
9851,0.1390352046611204
26551,0.0851879065113128
6719,0.032840728705157377
3913,0.18458229293764988
26721,0.6623334392189155
26988,0.08323472269429616
8592,0.15841635230377962
10798,0.12723444919233734
28413,0.4935930104854381
8449,0.109790110444258
4283,0.17715396474241976
1562,0.6401032656357438
7684,0.5759341412312727
29197,0.18458229293764988
29714,0.06460905637956725
7427,0.18544413847350766
5824,0.10499732524356574
5749,0.6647553355625329
22355,0.16730407641137712
29466,0.17736390816191688
25363,0.11366573075676968
12556,0.17061576194510936
5583,0.109790110444258
8379,0.15706207128932104
30052,0.5683329257326941
7217,0.14618516306748353
9099,0.7367731111211918
23369,0.11839580525481207
6802,0.07185194792022995
26185,0.2300410770097889
5688,0.6171150329916179
22800,0.13321006101581853
5198,0.5239197787931815
12111,0.2161650686489155
21137,0.06784385274205829
31461,0.7460054655301115
18744,0.5778269731789142
22908,0.058183233911369106
23497,0.5208179830642833
8605,0.18786311859584032
30995,0.576124715707205
28034,0.3998717924577024
18861,0.07322785533485313
30211,0.6448167854283473
5340,0.17250472418222518
17235,0.292952532509946
22157,0.596411671515079
13487,0.10113080085759366
25487,0.17103464428545379
27280,0.1602156523081135
21997,0.18616434847050883
26880,0.07035491035929377
25611,0.6903558240679634
28705,0.09212234944248658
23141,0.4730214161030239
13512,0.6526470354444573
23429,0.17482985028374184
22378,0.017682716698270082
23708,0.17927614108628084
8254,0.11018388844056017
15042,0.6138412028570835
22538,0.22725156064746996
27926,0.3664038924402034
7746,0.5279008224624376
5216,0.7442018405508893
1859,0.06567986004548099
22926,0.053551456627439584
13618,0.7001742971623964
29594,0.18865853477573824
4162,0.17170489983123777
32324,0.3419383300930029
31117,0.1236936479424334
27397,0.3666061730133953
32425,0.15823418534471162
21215,0.18458229293764988
14400,0.17749878026808447
13237,0.22725156064746996
17448,0.11018388844056017
32338,0.4882900496999792
24150,0.6505886874181288
20212,0.19020682455443852
5463,0.5680035038049125
29824,0.5593721414300846
16262,0.18465823999572462
6644,0.15706207128932104
7961,0.041006213736169715
31075,0.593034661258817
2771,0.7582482575291684
31248,0.2904418399964398
12458,0.06663292291802596
24609,0.3051459109180017
8569,0.4730214161030239
32148,0.15124291726535186
29700,0.6343873104670912
31985,0.1069134588007194
6145,0.1236936479424334
31603,0.08574247503618382
27958,0.09485407659117073
24500,0.21978252727468678
9043,0.6389742057428602
14858,0.2862790266203453
7413,0.07080078352272912
13804,0.06926503087800759
67,0.05801378489278149
16676,0.12043822074284063
19456,0.6427028919569557
11732,0.04556512754024289
5470,0.2635114259557348
30989,0.18546025843735023
30121,0.20989408184401495
20290,0.3859115461864702
19913,0.4935930104854381
29774,0.0944075961672185
28966,0.13710752218879996
11595,0.23483282391247748
8627,0.11240398720447194
15001,0.15161374172386888
10257,0.1697164422017784
23101,0.17116251150903045
17967,0.18465823999572462
1619,0.10386526212646681
25850,0.36758298240354953
16512,0.0721221044017096
31920,0.33957839109894145
23208,0.24828625761878978
20220,0.2322303094608824
17511,0.07660890719997789
21882,0.11600200334555867
8075,0.15832435027367536
4327,0.06149699588100507
31207,0.09212234944248658
11454,0.10113080085759366
13281,0.16859130276748654
6071,0.055195284141507955
15915,0.17498013233993048
23696,0.6484373578098396
27696,0.18865853477573824
14641,0.08614978904803348
1990,0.6041842124451516
20658,0.07182673933885955
29971,0.19461188528527895
27480,0.11329261925561454
24015,0.14124851619090786
24354,0.5019242383644592
32784,0.08036273688146349
8374,0.18865853477573824
2294,0.14134753574389874
12899,0.08465454448184787
24919,0.5679454775894202
19148,0.06660155266193758
23422,0.48299189052164004
15873,0.10919329334132288
1933,0.6550508329767043
1730,0.6443180264778481
15611,0.1188202135847811
19984,0.5541913317679292
11555,0.14134753574389874
22546,0.596411671515079
16340,0.11924928769376285
20494,0.18465823999572462
2820,0.08329001678048455
10180,0.18458229293764988
11988,0.11827529053269535
29367,0.13030938115596066
25477,0.058183233911369106
20207,0.3272713674741736
28538,0.21888701458250617
32909,0.6550508329767043
28817,0.12852973807533827
10152,0.06663292291802596
5666,0.07660890719997789
27732,0.2691648121792741
7917,0.1183330122770011
13442,0.29261108742548647
30186,0.39315027803998365
7338,0.05423157971295245
30575,0.21739770046241666
23447,0.061104577830291905
18965,0.07975414762666441
30082,0.04726778566808352
5278,0.15117396173106687
26960,0.17104289922420415
29331,0.05997659580728983
21452,0.27701293713837827
8775,0.07031324699605337
22771,0.06221518705485733
1555,0.09436447182172887
33131,0.32827398774356786
14199,0.15827500002146705
20153,0.45427413854920673
13354,0.12974812639454875
10535,0.06507273751478812
19592,0.6248502893693192
31602,0.1618264354140634
27025,0.05048367844738299
9183,0.5904875307007451
14095,0.2521744551870097
1789,0.6525532160775386
3935,0.12116494895497547
16685,0.6652680482605658
20970,0.1707709036913241
30616,0.15543135265767108
8848,0.22275973798329615
3591,0.2430432059824541
16887,0.15706207128932104
17553,0.19375946827708626
19027,0.18458229293764988
18144,0.23427462381873285
7634,0.16998804734675582
19045,0.18251014301325805
16608,0.6484580523696803
11174,0.12981642739848637
31792,0.1458280845136038
17998,0.08566144834526183
4064,0.2270328505149196
1479,0.22901140288625083
17964,0.07137798917010754
21589,0.259877688564747
23953,0.24894538547522474
8435,0.245682684685236
7574,0.18458229293764988
14787,0.6617484782916447
2031,0.13850550454108146
29672,0.2310152295878872
6468,0.17454539089963284
17343,0.6007420260635589
29777,0.18458229293764988
6886,0.16544317596830144
28751,0.3742156787870698
14335,0.617215142151967
15247,0.17114454106669327
9290,0.19533710645300711
8285,0.09580991499786408
12117,0.5590171776907986
12310,0.29897485661035594
17560,0.5599791053437916
14775,0.08790485681466825
580,0.09634113552270468
10315,0.04964461955982745
16735,0.07137798917010754
25869,0.333682400393202
23649,0.16954914716897768
27212,0.16998804734675582
7407,0.4758163475551267
6737,0.16809738361004856
11548,0.2275584320920422
11286,0.45427413854920673
19098,0.2081325925033251
10306,0.23398218612372843
29449,0.6488158495334672
12088,0.0680386184879433
11822,0.3302038377831732
2974,0.06056635139966559
24308,0.5568888476179403
12925,0.4990191063000689
1760,0.23398218612372843
1369,0.1458280845136038
14213,0.17103464428545379
781,0.11096785583105717
83,0.5881834198226084
348,0.11128329250082393
28627,0.06868650498514897
3785,0.3176589689678748
25733,0.19020682455443852
5716,0.08500251856091216
27742,0.3869359990288001
33161,0.09436447182172887
2914,0.06196233149587571
14793,0.1809892651859786
10020,0.13335192830633064
28634,0.6824299394649023
11920,0.25512926118922197
31986,0.18458229293764988
29497,0.17177477669836497
17615,0.10061957663974365
30950,0.16147752667068851
32688,0.10723448454664494
25913,0.5866410401870625
12090,0.02119158238828416
14425,0.7448388750100525
16907,0.5981919181755976
20958,0.18458229293764988
1066,0.07552488181634849
4977,0.6995036549678096
27313,0.06100954405203398
767,0.3084956414244747
32523,0.06042257682363122
33176,0.13796738968945688
23394,0.3205735394393468
25742,0.08752652839016657
1756,0.26483157031462523
3638,0.4935930104854381
30984,0.18458229293764988
1774,0.18465823999572462
23940,0.18546025843735023
13540,0.07185194792022995
27758,0.15706207128932104
13038,0.06904228602693387
5128,0.0881424015490016
22663,0.08614978904803348
32121,0.17860640964706703
32317,0.4935930104854381
18829,0.6105508927851154
7735,0.07285956416907828
14655,0.06355729810920391
15516,0.06542786725157793
21990,0.21773261859058665
10786,0.16533876104913783
6234,0.1820544920308162
30853,0.15668262135328456
32135,0.08595566594293674
3223,0.5079361713951465
32826,0.14590936330653526
28430,0.16536484411233288
31482,0.6857411106654189
11919,0.3419383300930029
3178,0.0926907369933404
1913,0.19489008284405226
16404,0.10723448454664494
17036,0.23966959669706017
15142,0.4018965802930114
13844,0.2683852989736467
8719,0.07288013623654667
25458,0.30933246058258723
19270,0.24894538547522474
5814,0.6296957404379702
16645,0.05702658136696846
28613,0.06355729810920391
5502,0.061502641679419406
23411,0.11202633066641006
8893,0.16324745229863308
5617,0.6085734844114918
16544,0.34749572563700026
28433,0.10499732524356574
87,0.0937129912677039
8441,0.09891558076821452
24953,0.14290835359776746
26824,0.18544413847350766
5473,0.11215939704401028
31847,0.17177477669836497
23672,0.604996730642585
28788,0.17571157566142365
13612,0.511900450901481
7551,0.18465823999572462
24616,0.0987784075692497
13158,0.09212234944248658
19178,0.5037045963238548
6872,0.06408312063905394
12263,0.10303837356601829
14882,0.07675770025112298
4981,0.19052263119988433
7288,0.18547676661777066
21566,0.6413393529739945
497,0.11966174979368323
22701,0.7430220148780069
2780,0.10303837356601829
20076,0.6544072722700763
21573,0.08313445689268063
16749,0.18178776661198034
31844,0.25110101336468726
13566,0.6171150329916179
10541,0.8554004050214563
13577,0.6296957404379702
21145,0.08346191822413818
2843,0.22995054917150237
7039,0.08240360833236682
22322,0.05647208345124098
27874,0.6061904380908194
19601,0.1988608047389788
13778,0.19669492462417537
29521,0.0984359729059007
13,0.3243483913729644
27320,0.1736348429812057
15490,0.182381115536524
19062,0.24219490956080308
26330,0.4720406630897764
52,0.05878196928027801
751,0.596411671515079
618,0.18458229293764988
17431,0.17046612428521335
15632,0.6248502893693192
23506,0.6639345741515053
12673,0.06105071662105789
9007,0.2598418668714533
24255,0.10723448454664494
6750,0.10082660038527286
18508,0.10333868927682255
14114,0.2526468828009902
30366,0.333682400393202
8892,0.2630684685542092
22109,0.6394898754874372
22344,0.5164300972781426
16796,0.16536484411233288
4724,0.11748599920898396
32246,0.4206586959221213
6826,0.5037867995724463
28198,0.27516503283057037
30010,0.1411970431479057
5876,0.6034325456644077
23641,0.16730407641137712
23062,0.2652779234651814
8297,0.17104289922420415
26253,0.3005210276602104
2254,0.1776001242691593
8753,0.15124291726535186
12726,0.13311364903492548
26959,0.07566158870235655
23075,0.0966396853389907
23129,0.3301071201313055
14760,0.2081325925033251
7916,0.27541666612031773
14330,0.5220974716667075
7168,0.1285524798970531
24829,0.2544745142189664
23307,0.3569261618744921
24964,0.57242014353874
26326,0.22950530662093738
19266,0.16998804734675582
15567,0.25747844881620363
26360,0.18458229293764988
827,0.106392764728027
26810,0.32829227670389977
9634,0.06389337884531741
13366,0.048811829395741205
6466,0.6509672819656074
252,0.18781103923225606
17753,0.5130484540631337
10220,0.13410776401194144
10852,0.3370938694601526
28756,0.21765923216620509
15077,0.12848723256806507
16217,0.15471786896689332
28011,0.17096312551128318
30599,0.18458229293764988
16292,0.6941930283586928
28550,0.1766002167843522
25780,0.194326825741441
15125,0.12802697988236897
17266,0.10941212046292087
16794,0.0906510934282731
33223,0.5415544216609071
16643,0.1016375057255405
21474,0.11992410177954294
4813,0.11652511937440012
27261,0.2213699323093083
15690,0.2082647341503752
6683,0.6423600555328621
2286,0.596411671515079
20797,0.06491522405994625
8436,0.10704193311857368
17649,0.18458229293764988
23324,0.07648707828067816
27259,0.18458229293764988
27315,0.21883759286874505
25156,0.15514419261989876
3745,0.18458229293764988
21574,0.12332093579938427
1359,0.12332279519382035
163,0.2597696483981595
990,0.18316755555819353
27936,0.05885500411192736
32575,0.07971712759868164
30850,0.1245766571262847
1917,0.05748704467248998
11184,0.6670682460974345
31814,0.1262443164671954
21313,0.12964064701662165
3856,0.09436447182172887
5161,0.4554564529895327
20277,0.48417346050187093
8177,0.07280899361652488
30976,0.5537428963676515
5356,0.24668722593606468
3269,0.14857142873977852
27309,0.2790043324812167
27231,0.020057121831619437
12911,0.11512064228200558
24646,0.14457172369707558
1800,0.45513403981812733
18678,0.10888305503873162
1830,0.6639345741515053
18858,0.12732300947320815
30105,0.18546025843735023
21858,0.43012626732491227
12183,0.14414374556030898
24287,0.5903646854719081
22923,0.11225411316939293
10521,0.08107761723139371
9261,0.6453677792208681
5995,0.10256744751067763
10679,0.6036899299438667
30125,0.20114995498065774
12357,0.11608887979046123
23995,0.22648049476468318
6370,0.36020940703583326
452,0.05793457369420181
5068,0.08718788914905808
25693,0.07968598796982451
22301,0.25578143328038555
30841,0.24894538547522474
30230,0.07916340368815068
14517,0.05225666144103264
32654,0.07975414762666441
12129,0.09375332156614784
23372,0.22050832918191804
25846,0.05893363893103505
12132,0.16730407641137712
13384,0.058183233911369106
32739,0.5680035038049125
28378,0.5947158322411478
6392,0.29923305435556996
19198,0.596411671515079
27137,0.6582911276960279
23827,0.586938398141435
18279,0.3123107579912493
8051,0.060340662976629954
20993,0.15706207128932104
26049,0.5997013369248666
16040,0.15543135265767108
31825,0.6007420260635589
28261,0.28893171500795867
16201,0.3419383300930029
1723,0.511900450901481
10643,0.07242496564495064
8018,0.4941214066735632
14842,0.08859449239583829
28903,0.1236936479424334
18243,0.151059565527377
31390,0.1236936479424334
15035,0.09961369805786426
29319,0.5855386521241934
19771,0.24338793130857136
6481,0.05856048473767517
7058,0.05316316614739937
4659,0.1582084535121338
18892,0.15894191130785218
31562,0.16998804734675582
31470,0.6582911276960279
13342,0.596411671515079
20411,0.5568888476179403
18307,0.3419383300930029
15948,0.44749316979914383
6029,0.14630164721222366
17843,0.10247802940186504
28578,0.11439681966241262
14712,0.09609907147402831
17044,0.168262445404645
9125,0.06932549319423482
26041,0.18458229293764988
17320,0.43014152122183447
6277,0.292480861699848
16716,0.43103375040667213
1823,0.6248502893693192
21880,0.07069754270166877
20905,0.08829901673763813
4395,0.24924200129608715
32028,0.18465823999572462
33348,0.6921314627682794
11723,0.18547676661777066
26803,0.4541395122451535
17677,0.12296319156859867
11636,0.1403810931414967
19740,0.21736185665856528
5570,0.6901804826111699
3080,0.15832435027367536
12486,0.18634222744030918
25150,0.09584196309380093
5558,0.3621987788859388
9571,0.3920027267910869
25531,0.17592954105336908
27867,0.05309592947058385
16062,0.18546025843735023
240,0.07556421776392314
23095,0.1008790619762117
30615,0.2691770529234099
8914,0.4592667143233486
23807,0.2820951713495423
3431,0.13267232331806164
17529,0.6443180264778481
8344,0.18458229293764988
981,0.16536484411233288
4196,0.2859326838694221
14107,0.09193555975352895
15743,0.10779318000685817
32779,0.10628821915163507
25288,0.8342261420971413
29387,0.06024670576177264
19824,0.06752028697175934
6960,0.18458229293764988
22370,0.472522964096069
16786,0.5568888476179403
10622,0.12846011205608263
30060,0.5537428963676515
28361,0.15668262135328456
32305,0.070250888921011
9347,0.3213271366324548
16692,0.05994611142331332
9222,0.1412863149790554
28120,0.06514352421988943
3490,0.5699636986439504
7743,0.056360530612576
10744,0.14571914586229334
9128,0.31304340733180075
17304,0.05138402265668675
33209,0.5167495955833563
11783,0.46774551771975875
14383,0.09002951025917337
1225,0.08360702169134823
13631,0.1457646109736366
33301,0.6020174455485865
2554,0.08240360833236682
27618,0.2378086247283273
19396,0.29242818911025514
28128,0.3253414869954206
17185,0.10837056946417699
8714,0.3748126698215954
30281,0.18458229293764988
1472,0.07616325870180107
4104,0.13937670183087053
15600,0.07225721330204019
27811,0.141986933336934
33180,0.09591135109706361
33194,0.13240636474982842
4314,0.0625253460147891
26906,0.17103464428545379
24159,0.4818919295220688
7512,0.18221977693630215
16030,0.07564698207479638
2959,0.1834341169597091
32966,0.6041842124451516
20442,0.067707992012682
17380,0.31304340733180075
25484,0.16730407641137712
31288,0.21736185665856528
12272,0.2226074780682858
30289,0.24487786662495362
25002,0.31966158150660406
19193,0.1733489233187545
29847,0.31160427387191114
20062,0.3051459109180017
2198,0.5904875307007451
198,0.0680386184879433
265,0.0527130514206161
22204,0.23398218612372843
20901,0.1510883481391696
29487,0.1994970423510248
9240,0.3935418957671016
24896,0.17592954105336908
23124,0.22688506100822753
14418,0.7615364493930533
5142,0.06348113411509174
7437,0.3083943480233722
1566,0.12831467138969677
20197,0.16324745229863308
31865,0.1729200577106275
28674,0.18458229293764988
13287,0.4935930104854381
24763,0.3060193599454229
23652,0.168262445404645
6512,0.6007420260635589
21472,0.5229003464606202
8155,0.38855257736084525
16433,0.07835139966822877
14317,0.30042986548558226
11704,0.11329261925561454
8355,0.06625836335545832
29035,0.12964064701662165
23316,0.16564902041267612
10326,0.16730407641137712
897,0.19375946827708626
4608,0.6248502893693192
8882,0.22725156064746996
10,0.06997292092220227
24524,0.10113080806383723
31195,0.35113915713223226
29662,0.17096312551128318
868,0.03740845585762275
23476,0.06947042465726766
14556,0.6041842124451516
13481,0.14723572356137654
30032,0.17400447930076107
3581,0.19646523584066844
18435,0.4556770961173354
23530,0.6994503506120049
12559,0.08806612196092618
28451,0.13806818181964228
31573,0.07159484466797034
27380,0.05887972259376117
10557,0.5330912660576376
15976,0.4935930104854381
13934,0.13029904163707057
6561,0.07971712759868164
20325,0.17782316251132602
16446,0.1776001242691593
4323,0.18465823999572462
4936,0.12313824553723997
764,0.09668461163015166
33129,0.06987483567903927
9259,0.2019153327498105
18480,0.16628804662508045
18042,0.16730407641137712
14399,0.3156320218962493
4241,0.29923305435556996
29802,0.168262445404645
8668,0.09620129364519453
32965,0.5948930679385909
914,0.09485407659117073
5667,0.57242014353874
2252,0.10597428811887144
24019,0.20913739676918797
16465,0.07681979693706081
15314,0.3859115461864702
18641,0.08978588345741492
23232,0.15668262135328456
15493,0.7231269610215058
14359,0.6363096291689339
21996,0.15289773666798684
24320,0.6257134142927422
33170,0.08566144834526183
2443,0.5970915859192213
30818,0.12125334819916468
3714,0.15668262135328456
26166,0.16324745229863308
14228,0.09854945179243634
15912,0.24828625761878978
3308,0.06919779424018585
30112,0.6687302828831868
9743,0.18458229293764988
26999,0.6546743181235387
436,0.27637882590786056
15814,0.10615692627503028
30695,0.6550508329767043
23397,0.5904875307007451
12714,0.20755808894220226
4650,0.23605557715805053
9141,0.16147752667068851
22899,0.1412863149790554
29666,0.08752652839016657
2822,0.07971712759868164
5815,0.05963261752776022
33245,0.6522007357225652
29473,0.21888701458250617
30964,0.33393307286283336
2989,0.14511209153807206
20713,0.6526506760862087
30654,0.6514955581777792
5618,0.7231269610215058
22954,0.11342000096882891
718,0.18458229293764988
16879,0.15322903100890592
18092,0.3154062678546868
19330,0.08432320236453536
1932,0.07800542258643256
28038,0.08465454448184787
13186,0.18544413847350766
13749,0.08245388039647236
14897,0.08013576404153104
10934,0.16998804734675582
31502,0.08323472269429616
13190,0.04964461955982745
6973,0.23427462381873285
4092,0.07916340368815068
10347,0.12716651822717437
26264,0.33219618031754916
26979,0.25110101336468726
11305,0.32368195153355384
24007,0.2474244200190828
1833,0.5537428963676515
25187,0.15706207128932104
16086,0.1602156523081135
2023,0.3497682808765045
31290,0.058183233911369106
2225,0.05742160753576019
10157,0.13271648526533583
23166,0.17860640964706703
19450,0.10628821915163507
18269,0.21656430844574187
25270,0.13626491145675454
345,0.16730407641137712
1882,0.16544317596830144
22822,0.07182673933885955
2584,0.160287684219789
20857,0.17673714210927988
10931,0.0721221044017096
1364,0.18458229293764988
9190,0.579115111763221
5872,0.05763988246393375
12495,0.15799286591901934
4118,0.08590472777202685
30524,0.18465823999572462
25631,0.5570475305479516
16535,0.10256744751067763
17571,0.194326825741441
30628,0.09436447182172887
27620,0.10842063325228478
18507,0.09960405104259436
14959,0.08676882169422184
17136,0.18458229293764988
19763,0.8765563402608314
33022,0.13674923560574356
4966,0.09883540396218415
10463,0.5079780578976875
9123,0.28652453438399794
10366,0.17592954105336908
22911,0.6640655671054423
23993,0.7377935445991682
12009,0.3618092899931803
782,0.25110101336468726
22898,0.06752028697175934
28227,0.0932191784548078
10067,0.24013489609034464
23283,0.3181966276289043
9081,0.8172298265721912
11838,0.16730407641137712
6797,0.06541936746744703
24129,0.0477913066369791
13094,0.10265985967062798
25839,0.08014532694093533
23351,0.62136637172557
18454,0.7516596888752604
9131,0.07416110271129855
8099,0.0638115286613296
25507,0.0726563493703347
1230,0.1302676027962343
29509,0.3205735394393468
2577,0.3060761462028528
6543,0.08590472777202685
5881,0.1540771703237567
18662,0.6248502893693192
15710,0.058183233911369106
14134,0.07774227036669128
4142,0.17096312551128318
29106,0.10615692627503028
30480,0.3060761462028528
20313,0.17821504340128563
14100,0.06867997987695093
3531,0.11589971938953611
11047,0.08706588272601207
27497,0.10694719986710564
16022,0.06567986004548099
21445,0.6750885856923864
1109,0.06200233580505887
29361,0.07492743645552163
844,0.5408695746200781
22276,0.2811293927109976
23623,0.14438079392988556
13166,0.18458229293764988
20464,0.14843521820000394
16565,0.06878869436835512
17416,0.09436447182172887
19382,0.12802697988236897
30485,0.16892252932390323
10270,0.06916530594380399
14188,0.1365939906152585
20007,0.0654080410267513
10738,0.08683647661324134
169,0.07639279431240485
5074,0.3871635871080277
25349,0.09436447182172887
30882,0.20556214465359524
5920,0.1190970229935061
4219,0.18546025843735023
8667,0.20565681583089487
31705,0.18765715731877194
4415,0.17860640964706703
33057,0.18458229293764988
6482,0.15668262135328456
3279,0.5838657402594547
6445,0.06998274175527168
19255,0.5173925034153191
4244,0.07879443346043262
3174,0.025027362184477667
4045,0.34324969393717025
7765,0.49230901574220526
3905,0.13989806803810154
25346,0.08752652839016657
9598,0.2131524420426191
22988,0.15668262135328456
21218,0.061935501782363483
16059,0.06143312687063361
20559,0.12386471891853636
26421,0.425097498647851
27349,0.24924200129608715
25856,0.1243392436911207
16320,0.7167085240577152
19695,0.14751289397700473
7205,0.06880946987744589
12349,0.26665518357764717
11422,0.1463185474631807
32462,0.32185132112990117
30483,0.7377935445991682
23925,0.07585423653281158
31255,0.18078407183884032
30261,0.1602156523081135
8244,0.31316251653266236
28389,0.24767953531900738
17042,0.4935930104854381
18068,0.06931311451463813
10274,0.22055559653394302
15076,0.18544413847350766
3728,0.15682585307177582
21131,0.1021001398926189
25785,0.16730407641137712
21527,0.6007420260635589
22105,0.6914800625566886
8764,0.18781103923225606
28510,0.596411671515079
13311,0.25512926118922197
918,0.30698381449163437
32298,0.6860502666143988
30076,0.06846199120047122
1973,0.4537216897930389
11352,0.06499362366110177
5604,0.6509672819656074
3569,0.18465823999572462
32647,0.08968619795207639
24790,0.18458229293764988
24736,0.5730566980484757
12985,0.08476443118393623
19386,0.3869359990288001
27727,0.207391411140575
19147,0.25110101336468726
22833,0.16556788670452205
5500,0.13125509181310452
6408,0.25110101336468726
9323,0.06488460626626219
10335,0.18458229293764988
1740,0.18781103923225606
13496,0.5644148709597658
733,0.37830168521154983
10286,0.16697744179938528
10731,0.09436447182172887
27157,0.10293475066016229
30618,0.3065414375404242
9992,0.09436447182172887
16600,0.07035491035929377
15470,0.3453587404324194
5692,0.07389422435631134
4385,0.5167425353097036
20209,0.1425230848581111
23266,0.13860326682212967
1496,0.14511209153807206
7580,0.12369532542002563
32477,0.15161374172386888
20630,0.07899219779051889
22377,0.141986933336934
458,0.1458280845136038
19953,0.30482227512447246
32723,0.5969384953851551
1700,0.6505886874181288
3258,0.07131860319615341
4482,0.1411970431479057
26622,0.615509610990974
16815,0.28886184285635275
8585,0.16730407641137712
25235,0.5799858031831783
3759,0.058183233911369106
28097,0.08586841169722853
25360,0.07798912652303815
21115,0.12468198817653013
4622,0.12742756615471898
12124,0.16730407641137712
32737,0.17104289922420415
21556,0.6903538098441988
24332,0.05906787219273612
3867,0.18781103923225606
24747,0.18465823999572462
8634,0.06963785222342396
27546,0.06762852409912547
27406,0.28236644581835796
3662,0.1458280845136038
116,0.18458229293764988
3924,0.07748045557254749
8915,0.18458229293764988
6681,0.5887378293861255
8967,0.13716067326817266
11099,0.6757668397806298
30416,0.10568623785508549
22252,0.06440126257876455
18753,0.060396282507382465
20820,0.09085611368554566
10094,0.18781103923225606
30737,0.16536484411233288
27101,0.5037867995724463
11069,0.596411671515079
8929,0.18458229293764988
16545,0.060531730166459984
32714,0.697446072564594
31484,0.10143930227825838
18623,0.671343453182109
22787,0.07725518327012207
30059,0.5833407559754978
16283,0.596411671515079
28769,0.08357715477124354
33043,0.2545476752137918
28403,0.1016375057255405
1759,0.18868171372134795
2410,0.0851879065113128
5919,0.06499362366110177
17138,0.596411671515079
14696,0.6687302828831868
13814,0.626255395787368
4070,0.09854945179243634
31729,0.09436447182172887
20238,0.15736630517013217
10430,0.16601876568376503
32986,0.23437917202608158
7975,0.0941858052383402
25754,0.19824354402609962
4442,0.1281418893540292
5495,0.25512926118922197
19548,0.10921478060756128
26060,0.6024992655224718
12429,0.28135324786880994
28240,0.09436447182172887
11326,0.04349364436730759
33266,0.18465823999572462
4220,0.17592954105336908
22321,0.5047147612590894
2533,0.2897911226697189
1326,0.1262443164671954
9167,0.6121420204740524
14151,0.6189132772470333
7384,0.06200233580505887
25428,0.05442179632393817
17823,0.6248502893693192
8181,0.18458229293764988
4930,0.1895334880445922
22807,0.03488420519550385
20971,0.07137798917010754
19354,0.1481354147147907
17080,0.17736390816191688
3853,0.17096312551128318
23071,0.08422734226052488
30354,0.6284842071857353
13391,0.11608887979046123
16625,0.5804191302053605
15935,0.18458229293764988
10747,0.1494179789386341
1149,0.3337514573550815
29716,0.09486323898337679
15322,0.13058395075780094
20454,0.6509672819656074
5530,0.1054110525363031
20341,0.17178995903295666
12839,0.11968203408829291
23613,0.24476772474370964
3695,0.18781103923225606
15439,0.20136444676927792
7736,0.15103453197602204
14803,0.16730407641137712
17362,0.6413393529739945
20052,0.2443386742650027
25550,0.12401421450694813
12662,0.1277475694070165
24785,0.4935930104854381
32176,0.4935930104854381
26093,0.09436447182172887
23499,0.09002951025917337
20576,0.07383426879255511
10605,0.07883854985868263
31931,0.0944075961672185
20501,0.3664038924402034
18360,0.16687702891781278
13731,0.26625663337257705
5721,0.09436447182172887
3910,0.18458229293764988
27859,0.32888428639905526
17774,0.7817716723983889
18626,0.5839812214648983
26780,0.08553640107031711
12823,0.07383426879255511
30098,0.1481354147147907
11378,0.40881851516874673
30711,0.19533710645300711
12847,0.08752652839016657
3082,0.12169650449953755
29089,0.17400447930076107
2523,0.0337061658580406
17383,0.753759968563166
24220,0.0744653358947863
8786,0.17189789111564086
3289,0.12964064701662165
1671,0.2392251317390454
26314,0.3363495093104794
12657,0.15172428427400675
10008,0.21888701458250617
31581,0.0851879065113128
30070,0.18458229293764988
8006,0.08604970247324652
31092,0.5439686253836353
12780,0.6478742498700892
17510,0.07080078352272912
1064,0.16998804734675582
20828,0.09436447182172887
17351,0.48417346050187093
27869,0.6443180264778481
2229,0.46690169669809484
30527,0.16998804734675582
27721,0.17046612428521335
22122,0.1772377442977675
4400,0.17096312551128318
31586,0.09854945179243634
23280,0.22725156064746996
6424,0.07108505818993016
17492,0.21736185665856528
21751,0.2863806321878935
5034,0.2829761824846287
23654,0.18624568774916403
7199,0.22725156064746996
27138,0.09249278270646803
607,0.07263551762936674
21524,0.6648171390014418
31121,0.6313697107733302
16064,0.1458280845136038
2385,0.2713346716016571
29755,0.6402591138375722
31350,0.0937129912677039
23475,0.04891523705805566
2865,0.06499362366110177
4996,0.5468153759766208
23065,0.1936876766703522
10398,0.17592954105336908
7995,0.13595865181385378
19479,0.03438096965903351
21507,0.10971111590048553
2549,0.08614978904803348
21171,0.14000944238115404
24751,0.12588067145609774
12902,0.3166980776613025
23380,0.17684498128710655
9534,0.18781103923225606
28969,0.18465823999572462
7698,0.12870878781187303
14058,0.12332093579938427
27081,0.07487348355317108
26961,0.18458229293764988
19709,0.06752028697175934
6156,0.16734072429436322
19834,0.6914800625566886
15979,0.3713171737562063
20131,0.160287684219789
22142,0.5565105845871765
27087,0.10723448454664494
4419,0.13029904163707057
27660,0.08805961961644612
7890,0.6296301351177913
9847,0.21888701458250617
20973,0.09546041891102885
23113,0.10929159126577653
10549,0.5599791053437916
11418,0.2649316482679147
24626,0.05793457369420181
29997,0.18458229293764988
23165,0.49504844894558486
31372,0.20663480324511152
2461,0.06390913317418931
6348,0.08912901757932629
4406,0.21888701458250617
21928,0.07879443346043262
27638,0.1150386600663283
31344,0.18458229293764988
17723,0.18458229293764988
26406,0.18465823999572462
31005,0.47001313953952445
11944,0.23483282391247748
28778,0.27311877835459586
18635,0.26075326142161864
14164,0.0859982605179751
23353,0.6957018827208197
22286,0.3419383300930029
12922,0.5537428963676515
17889,0.5165767220109295
22794,0.584932291752743
27378,0.053801734328799186
5119,0.41273392478985443
2764,0.09158676842542246
14299,0.18781103923225606
31747,0.3189247643873167
10668,0.0798559619455472
15349,0.16533876104913783
23192,0.4913881790499026
26983,0.24476772474370964
33195,0.16730407641137712
5948,0.5388842339814754
9052,0.5843673564586612
29258,0.23483282391247748
11765,0.0713955660131621
4175,0.1697164422017784
21,0.27969337355643786
15318,0.7549801188826787
27673,0.07899219779051889
12452,0.2653771776998966
9278,0.8488652313292988
13568,0.1494179789386341
29951,0.49197000832807364
25473,0.3085195912996892
30444,0.16730407641137712
27279,0.18458229293764988
31592,0.12555643713880604
25355,0.05647972612218444
19663,0.6248502893693192
20548,0.31386912533680195
20387,0.6443388305210002
22166,0.08141150288303078
8950,0.05624149295393473
26973,0.05856048473767517
6992,0.07899219779051889
23151,0.16533876104913783
24090,0.651373021035673
18366,0.5784431443023106
15173,0.34470939702409065
23856,0.08346844197945778
27904,0.3051459109180017
11480,0.09225987846145613
5352,0.19678956186440036
7982,0.24886703513662897
1222,0.19020682455443852
8191,0.36032005445974546
15776,0.32138663173397547
20036,0.09620129364519453
3832,0.19972361685400855
21481,0.5864467493230564
22016,0.3051459109180017
30324,0.17400447930076107
15616,0.03940164081697883
24263,0.1602621704040487
6877,0.047967999714403985
24228,0.6550508329767043
6495,0.8341888596385311
19030,0.09436447182172887
10672,0.2300410770097889
16473,0.08997393595664077
14943,0.07971712759868164
30091,0.08085606245690609
6097,0.11522513886959837
19795,0.2625580259005493
3949,0.16324745229863308
12267,0.495167493558946
16739,0.06655559715752139
18304,0.20893553540566703
22071,0.047650591157409064
8792,0.0660241954127639
10845,0.43607090351934436
9969,0.12831467138969677
26499,0.21888701458250617
2095,0.08857881112318551
30954,0.37480815539203244
2880,0.1048676981636665
71,0.1741403919856613
31734,0.596411671515079
19579,0.6371780492195729
21336,0.05054491856784816
8389,0.08369650314854438
4237,0.45427413854920673
10779,0.596411671515079
15046,0.1602156523081135
25945,0.06333637903385834
23664,0.09793947408347238
14352,0.07637406680244957
17739,0.5981919181755976
17848,0.08594435292340494
32430,0.07174634873574615
10051,0.12802697988236897
14729,0.1359210897339537
21070,0.3370938694601526
16316,0.2897911226697189
26208,0.18458229293764988
3755,0.06507273751478812
1564,0.6248502893693192
1353,0.16998804734675582
11798,0.27262766441596376
21921,0.141986933336934
336,0.2755910965184015
26061,0.10976093955535826
15015,0.15543135265767108
18510,0.5214689801988455
14903,0.2894384393779782
8789,0.46211699597170736
509,0.160287684219789
29121,0.09419334334968966
23287,0.19020682455443852
1966,0.17118470573003827
10586,0.5568888476179403
6832,0.1776001242691593
6453,0.21883759286874505
31811,0.07994068076746803
29177,0.10113080806383723
11865,0.05801378489278149
861,0.1236936479424334
16229,0.06386219317476793
29181,0.1190970229935061
10058,0.2240940499064236
5328,0.6670682460974345
30268,0.29897485661035594
30457,0.16189529025883673
9859,0.569919272653672
7798,0.06660155266193758
3454,0.2270328505149196
13950,0.18458229293764988
30990,0.5095435740163944
11421,0.638933210659775
9982,0.05616897467041052
19615,0.07980806339805178
17929,0.07225721330204019
10871,0.168262445404645
31261,0.6066402303353431
28768,0.596411671515079
2192,0.24537886539804873
614,0.12332093579938427
935,0.17621269197689562
15655,0.0248736645603087
4891,0.07035491035929377
13703,0.08448290335090165
18548,0.5644148709597658
19941,0.07899219779051889
29134,0.06916530594380399
20749,0.17143222975003547
24343,0.1776001242691593
14065,0.3176589689678748
25049,0.6371833878380133
19253,0.051658578425304615
1673,0.4661736721022525
24745,0.3444177161132092
1552,0.08319623312498575
32078,0.17592954105336908
22495,0.06609225571565341
6926,0.5970915859192213
21477,0.20861860763318307
11186,0.3856989608840804
20669,0.0834447266914098
13528,0.3813178635688306
16279,0.6066402303353431
284,0.4935930104854381
6324,0.168262445404645
4912,0.3574666659111657
7833,0.19541485830905062
5978,0.5164300972781426
25078,0.288594247377538
32209,0.12352743523199308
31960,0.06963785222342396
20398,0.5214689801988455
26147,0.08906919025953226
11206,0.2307929087371743
30327,0.2665449256714217
3112,0.11021092159407905
7655,0.596411671515079
30447,0.23592739775835875
27922,0.2047072685986646
25512,0.07229104113608502
5813,0.3557562915154956
27205,0.26311303808909436
25834,0.026871565472938442
23942,0.15706207128932104
13504,0.08037793739766985
11003,0.23398218612372843
11366,0.3083598191213195
4570,0.31567401919480215
12765,0.06507273751478812
7226,0.06143312687063361
293,0.16730407641137712
20158,0.31686880040752546
17408,0.0787559420062575
9928,0.18465823999572462
30411,0.14943730780225942
32644,0.06290385257148672
26986,0.7507042293758036
23443,0.2525620659976513
11773,0.5100329653903453
14700,0.5516140642843713
28196,0.17125807854465505
14235,0.08014532694093533
24205,0.13914632809410846
23173,0.5599791053437916
29820,0.2547393414097868
31109,0.2752966963770087
31125,0.30042986548558226
21585,0.6941930283586928
18637,0.11403471532768747
14453,0.5936505386349542
33271,0.12727822880947703
31540,0.18544413847350766
23496,0.5975240638867995
19544,0.6034325456644077
726,0.06056635139966559
21867,0.34221016834457246
33293,0.47007377095448943
30110,0.2547393414097868
24545,0.5785595147054498
7151,0.16412521504646851
24805,0.18781103923225606
10658,0.6687955279452789
5054,0.032417890872425054
2293,0.6025271863531931
2365,0.08052043536386636
32781,0.6219215615627448
31608,0.16324745229863308
8836,0.168262445404645
1808,0.5133481502484573
27918,0.073182113007541
13234,0.2310152295878872
3416,0.2545476752137918
13758,0.17939743697957516
5802,0.02457992242793054
21938,0.09546041891102885
9394,0.7222180215465703
13885,0.16282132467796076
8179,0.17114454106669327
31701,0.13238023201050972
538,0.2851254110001168
13558,0.11798714231591215
4701,0.053273113298721975
31457,0.1776001242691593
16332,0.07725518327012207
17328,0.055744035994072974
12026,0.19752209602553764
24952,0.1016375057255405
11689,0.08494303135114445
27144,0.16043559322411352
8880,0.39685100790294925
7886,0.09643126899830741
12279,0.17096312551128318
5326,0.04851307576542838
4017,0.18458229293764988
